customer_id,customer_name,city,signup_date
1,Ishita Wadhwa,Shimoga,2025-09-27
2,Barkha Bhatnagar,Kamarhati,2025-03-18
3,Vanya Dey,Thanjavur,2024-06-14
4,Kevin D’Alia,Moradabad,2024-08-20
5,Parth Pal,Nagaon,2024-10-27
6,Bhavika Memon,Dibrugarh,2025-12-16
7,Eesha Jain,Bhatpara,2024-05-31
8,Zaid Nath,Katihar,2025-05-02
9,Sneha Samra,Tirunelveli,2026-02-07
10,Gagan Shukla,Barasat,2025-06-05
11,Sai Rastogi,Solapur,2024-06-19
12,Jonathan Dora,Sri Ganganagar,2025-11-29
13,Tanay Khosla,Erode,2025-10-05
14,Atharv Mukhopadhyay,Bhiwandi,2025-10-13
15,Radha Naidu,Medininagar,2024-06-16
16,Oviya Goyal,Surendranagar Dudhrej,2024-12-03
17,Ekbal Kapadia,Sambalpur,2025-10-19
18,Quincy Sachar,Gaya,2025-09-17
19,Pooja Sawhney,Ramagundam,2025-02-05
20,Mekhala Barad,Katihar,2024-11-24
21,Yuvraj Butala,Bokaro,2024-09-29
22,Janaki Bhandari,Udupi,2024-11-22
23,Dalaja Bhardwaj,Pudukkottai,2025-05-25
24,Warhi Chander,Ulhasnagar,2025-08-11
25,Wyatt Yohannan,Bijapur,2025-03-01
26,Idika Pandit,Raichur,2024-08-02
27,Nihal Tiwari,Pimpri-Chinchwad,2024-08-13
28,Yadavi Sagar,Tinsukia,2026-03-24
29,Aashi Mitter,Kirari Suleman Nagar,2025-11-08
30,Neelima Chand,Nangloi Jat,2026-03-13
31,Abdul Krishnamurthy,Tiruchirappalli,2024-10-23
32,Vrinda Apte,Khammam,2026-01-10
33,Urvashi Toor,Alappuzha,2025-04-03
34,Jagat Yohannan,Kamarhati,2025-01-09
35,Raksha Doctor,Bhiwani,2025-08-06
36,Omya Tank,Jodhpur,2025-05-24
37,Ucchal Brar,Jorhat,2025-03-11
38,Adya Venkatesh,Naihati,2024-05-30
39,Abhiram Chahal,Bhusawal,2026-04-06
40,Deepa Buch,Karaikudi,2024-08-26
41,Isha Barad,Satara,2024-10-02
42,Dayita Tandon,Parbhani,2024-07-10
43,Mohammed Bora,Bhimavaram,2025-12-08
44,Ojas Narain,Jalna,2025-06-19
45,Jagvi Anand,Gaya,2024-06-21
46,Ekalinga Dyal,Gudivada,2024-11-01
47,Laksh Sibal,Kanpur,2024-10-08
48,Dhruv Sahni,Sambhal,2026-03-13
49,Nathan Saha,Dehri,2024-11-21
50,Yutika Walla,Satna,2024-06-29
51,Darpan Chandra,Ambattur,2025-08-24
52,Chaman Yogi,Madhyamgram,2025-07-06
53,Nidra Kashyap,Kurnool,2024-08-21
54,Libni Contractor,Howrah,2026-03-28
55,Harrison Sami,Kolkata,2025-11-25
56,Isha Nagar,Naihati,2026-01-25
57,Ekansh Jhaveri,Kurnool,2025-10-27
58,William Mahajan,Dhanbad,2025-01-12
59,Keya Venkatesh,Haridwar,2024-08-08
60,Dev Dar,Amravati,2024-09-08
61,Brijesh Tank,Secunderabad,2024-08-07
62,Saksham Dugal,Faridabad,2025-09-09
63,Ranbir Chad,Bharatpur,2024-07-16
64,Arya Goyal,Mirzapur,2025-12-31
65,Odika Karpe,Mehsana,2025-11-25
66,Ojasvi Mahal,Bellary,2026-02-02
67,Henry Chauhan,Naihati,2024-11-02
68,Bahadurjit Mallick,Howrah,2024-08-05
69,Jeremiah Varghese,Singrauli,2025-07-07
70,Jagvi Madan,Jammu,2025-07-16
71,Niharika Sharma,Madhyamgram,2025-04-06
72,Prisha Nadkarni,Raipur,2025-01-21
73,Kevin Gulati,Suryapet,2024-09-18
74,Urmi Soni,Bareilly,2024-07-07
75,Reva Gulati,Shahjahanpur,2024-09-09
76,Yashica Shenoy,Bhopal,2024-11-20
77,Liam Rout,Siwan,2024-09-25
78,Vasana Menon,Gulbarga,2024-12-07
79,Praneel Nadig,Tenali,2025-09-25
80,Neelima Datta,North Dumdum,2025-08-06
81,Lavanya Nayar,Gwalior,2025-11-10
82,Neelima Dada,Jodhpur,2026-01-21
83,Darpan Bora,Kanpur,2025-08-11
84,Jyoti Nadkarni,Nagercoil,2025-05-23
85,Arunima Magar,Kollam,2026-01-02
86,Daksh Kanda,Sambalpur,2026-01-10
87,Nihal Mane,Aligarh,2024-05-29
88,Liam Kannan,Jalandhar,2026-01-26
89,Lavanya Aggarwal,Singrauli,2025-04-29
90,Vaishnavi Vohra,Kirari Suleman Nagar,2025-01-05
91,Lucky Seshadri,Bahraich,2026-01-02
92,Logan Raval,Bilaspur,2024-07-15
93,Neelima Bava,Buxar,2024-12-31
94,Vedhika Dave,Serampore,2025-04-21
95,Vedika Dugar,Morbi,2026-02-25
96,Tripti Samra,Naihati,2024-09-05
97,Siya Rastogi,Gandhinagar,2025-07-23
98,Om Maharaj,Bhiwandi,2025-05-07
99,Tanveer Rajagopalan,Tezpur,2025-07-16
100,Rudra Kari,Farrukhabad,2025-08-11
101,Ekansh Chacko,Saharanpur,2024-11-21
102,Tamanna Gade,Ramgarh,2025-03-16
103,Sanya Golla,Rajkot,2025-09-28
104,Xavier Gopal,Saharsa,2026-02-27
105,Hredhaan Nigam,Gudivada,2025-07-22
106,Qarin Arya,Panvel,2025-02-10
107,Kashish Wason,Patiala,2025-04-21
108,Girik Hari,Sikar,2025-05-04
109,Nakul Mandal,Adoni,2025-12-01
110,Yatin Menon,Patiala,2025-06-17
111,Vrinda Narasimhan,Narasaraopet,2026-05-19
112,Damyanti Sanghvi,Bikaner,2025-11-05
113,Bachittar Bal,Chapra,2025-11-18
114,Krishna Brahmbhatt,Kulti,2025-10-03
115,Zehaan Mahal,Siwan,2024-06-08
116,Zayyan Ravi,Amaravati,2026-01-13
117,Rachit Kapoor,Jorhat,2024-11-15
118,Rohan Dasgupta,Tiruchirappalli,2026-05-20
119,Bhavani Roy,Imphal,2024-06-11
120,Brinda Talwar,Guna,2024-07-08
121,Forum Rama,Rajahmundry,2024-10-03
122,Harita Walla,Udaipur,2024-06-02
123,Wazir Chatterjee,Bokaro,2024-10-30
124,Janaki Varty,Nizamabad,2024-08-12
125,Osha Vig,Bulandshahr,2024-09-30
126,Yash Mittal,Anantapuram,2025-01-07
127,Omisha Behl,Eluru,2025-03-12
128,Damini Dhar,Bhagalpur,2024-06-06
129,Henry Bajwa,Berhampur,2024-11-08
130,Chandani Bhavsar,Nanded,2024-07-05
131,Ekta Chandra,Ongole,2024-08-25
132,Ati Balakrishnan,Jalna,2025-03-23
133,Pooja Shah,Panchkula,2025-04-28
134,Eshana Kade,Guntakal,2024-07-03
135,Jeevika Chandran,Aurangabad,2025-12-07
136,Yashica D’Alia,Salem,2024-09-12
137,Yashica Narayan,Medininagar,2025-03-08
138,Anya Hari,Hubli–Dharwad,2024-09-10
139,Tara Nagar,Delhi,2025-06-09
140,Andrew Swamy,Nanded,2024-06-05
141,Rachana Srinivasan,Medininagar,2025-07-30
142,Wahab Madan,Kolhapur,2025-10-10
143,Qushi Kuruvilla,Bareilly,2024-07-25
144,Oliver Dani,Satara,2024-12-07
145,Sai Sheth,Aurangabad,2024-10-03
146,Kashvi Modi,Gwalior,2025-11-06
147,Victor Bath,Mira-Bhayandar,2025-01-21
148,Udant Oommen,Mehsana,2026-04-22
149,Advaith Balakrishnan,Allahabad,2024-07-26
150,Wriddhish Seshadri,Guna,2025-01-08
151,Faris Devi,Kanpur,2024-07-26
152,Azad Dutta,Asansol,2025-10-11
153,Ishanvi Mammen,Sultan Pur Majra,2024-06-09
154,Finn Prakash,Cuttack,2026-03-30
155,Mitesh Rama,Sasaram,2025-05-23
156,Saksham Gade,Khandwa,2024-07-18
157,Tanish Raja,Mumbai,2025-08-16
158,Yoshita Badal,Dharmavaram,2025-12-11
159,Nihal Bawa,Surat,2024-12-29
160,Yasti Choudhary,Bhubaneswar,2026-03-07
161,Aadhya Jaggi,Rajahmundry,2024-09-06
162,Bahadurjit Palla,Varanasi,2025-09-19
163,Jacob Ratti,Chennai,2024-12-09
164,Jagat Ramakrishnan,Sagar,2024-12-25
165,Udant Iyengar,Katni,2024-06-29
166,Widisha Bava,Ahmednagar,2025-05-24
167,Ekansh Shenoy,Bharatpur,2025-03-06
168,Dipta Kaur,Sagar,2024-09-12
169,Ekanta Zacharia,Allahabad,2025-11-17
170,Christopher Luthra,Mau,2025-10-24
171,Chandran Agrawal,Jamalpur,2024-06-23
172,Irya Mital,Surat,2025-02-10
173,Zehaan Mane,Shahjahanpur,2025-10-14
174,Tanmayi Patil,Kochi,2025-03-22
175,Dhriti Issac,Bangalore,2024-11-21
176,Chakradev Murthy,Khammam,2026-04-16
177,Edhitha Lal,Chandigarh,2024-10-02
178,Zayyan Oza,Pune,2025-06-17
179,Ethan Master,Naihati,2024-06-04
180,Pratyush Krishnamurthy,Dehri,2025-06-12
181,Bimala Shukla,Mira-Bhayandar,2025-08-31
182,Omaja Sani,Sirsa,2024-11-25
183,Darpan Rajan,Jamshedpur,2025-11-13
184,Maanas Ray,Jalna,2025-02-03
185,Ekanta Konda,Mirzapur,2024-09-04
186,Luke Mahajan,Muzaffarnagar,2025-06-03
187,Ekansh Karpe,Jorhat,2025-06-02
188,Nidhi Sheth,Narasaraopet,2025-04-12
189,Jonathan Anne,Parbhani,2025-12-14
190,Lajita Cherian,Kavali,2026-01-05
191,Bhavika Bhatia,Baranagar,2025-07-19
192,Logan Balay,Ulhasnagar,2025-08-12
193,Yashica Padmanabhan,Khandwa,2024-11-04
194,Vidhi Butala,Jamnagar,2025-06-13
195,Anvi Saran,Amroha,2025-01-03
196,Bakhshi Manda,Rajpur Sonarpur,2025-02-05
197,Damyanti Dhawan,Ahmedabad,2024-11-14
198,Gunbir Patil,Dehri,2026-02-03
199,Balendra Baria,Jalandhar,2026-01-06
200,Tanveer Mital,Siwan,2024-10-29
201,Ucchal Bora,Jamalpur,2025-12-22
202,Geetika Naik,Cuttack,2025-11-10
203,Advaith Jayaraman,Amravati,2025-04-28
204,Indrajit Grover,Firozabad,2026-02-22
205,Ishanvi Patel,Secunderabad,2024-07-19
206,Nihal Shan,Kumbakonam,2025-12-02
207,Mohammed Sagar,Jalandhar,2026-03-07
208,Zinal Borah,Siwan,2025-04-26
209,Ubika Sridhar,Amaravati,2024-08-29
210,Arjun Gala,Nagaon,2025-12-05
211,Oscar Kala,Dewas,2026-02-07
212,Waida Magar,Ballia,2025-12-23
213,Harinakshi Barman,Agra,2025-05-24
214,Sanaya Dubey,Bhavnagar,2025-09-24
215,Charles Hayre,Ambattur,2025-12-13
216,Bishakha Raman,Bikaner,2024-07-15
217,Chakrika Bail,Akola,2025-06-27
218,Gautami Sachar,Bhimavaram,2025-09-28
219,Ojasvi Dhawan,Bijapur,2025-08-14
220,Urishilla Yadav,Hindupur,2025-02-27
221,Vidhi Guha,Ambala,2026-04-13
222,Aadhya Puri,Vijayanagaram,2024-06-09
223,Tristan Acharya,Panihati,2026-03-18
224,Chaitanya Dani,Bhopal,2024-08-01
225,Anmol Saini,Patna,2024-11-29
226,Arunima Ravi,Nagaon,2025-09-15
227,Janaki Kata,Warangal,2025-10-27
228,Ekavir Pillai,Dhule,2025-12-25
229,Nikita Seshadri,Raipur,2024-06-28
230,Samarth Dasgupta,Malda,2026-05-20
231,Yash Jhaveri,Nagercoil,2026-01-11
232,Leela Parmar,Ahmednagar,2025-08-02
233,Janaki Memon,Ranchi,2025-12-02
234,Turvi Kalita,Saharanpur,2025-07-01
235,Samaksh Sura,Vellore,2024-10-14
236,Balveer Ganguly,Bally,2025-04-26
237,Anjali Reddy,Khandwa,2025-01-06
238,Riya Subramanian,Ambattur,2024-12-23
239,Alexander Karan,Hajipur,2025-05-06
240,Idika Vohra,Sri Ganganagar,2025-02-07
241,George Luthra,Nagpur,2025-04-11
242,Indrajit Mutti,Katni,2026-02-06
243,Tara Badal,Junagadh,2024-10-10
244,Michael Rout,Alappuzha,2025-12-10
245,Chanchal Kumer,Shahjahanpur,2024-08-05
246,Bhanumati Minhas,Raiganj,2025-10-27
247,Pavani Wali,Shahjahanpur,2025-10-17
248,Dalaja Dugar,Thane,2024-11-01
249,Aayush Mittal,Buxar,2024-07-25
250,Timothy Naidu,Hyderabad,2026-02-18
251,Abeer Menon,Katihar,2026-02-12
252,Arya Gara,Anantapuram,2024-09-17
253,Ikbal Hari,Jabalpur,2024-11-23
254,Andrew Bhattacharyya,Tezpur,2025-11-09
255,Charita Morar,Parbhani,2025-06-06
256,Tanish Apte,Bijapur,2024-07-24
257,Wriddhish Natt,Pune,2024-08-12
258,Hemang Prabhu,Anantapuram,2024-11-27
259,Niharika Nath,Gaya,2025-03-16
260,Ekantika Gara,Srinagar,2024-10-05
261,Bhavani Bhatia,Ghaziabad,2025-10-11
262,Mahika Pal,Bhind,2025-08-16
263,Orinder Pathak,South Dumdum,2025-06-12
264,Forum Raj,Gudivada,2026-05-19
265,Bhavya Divan,Loni,2024-09-21
266,Faraj Bala,Vellore,2025-11-26
267,Balveer Parmar,Suryapet,2024-12-12
268,Sai Rau,Berhampur,2025-11-26
269,Ansh Palla,Belgaum,2025-06-26
270,Bhavani Jha,Guna,2025-09-12
271,Aradhana Modi,Jabalpur,2025-03-05
272,Arin Magar,Bihar Sharif,2025-09-09
273,Naksh Sagar,Gaya,2025-12-13
274,Gauri Baral,Vellore,2025-02-17
275,Girish Balan,Sambalpur,2025-03-09
276,Arunima Manda,Bokaro,2024-12-06
277,Jeet Dara,Solapur,2025-11-18
278,Abeer Solanki,Muzaffarpur,2025-11-01
279,Michael Raja,Jalna,2025-05-03
280,Damyanti Dhar,Machilipatnam,2025-08-01
281,Nilima Kala,Vasai-Virar,2026-05-11
282,Balendra Nigam,Orai,2025-07-27
283,Harini Brahmbhatt,Ambala,2025-03-03
284,Yatin Dasgupta,Amritsar,2026-01-23
285,Zinal De,Saharsa,2025-10-03
286,Udarsh Kumer,Rampur,2025-12-30
287,Nilima Varughese,Sikar,2026-02-02
288,Adweta Venkatesh,Panipat,2025-04-09
289,Onveer Hegde,Khammam,2024-11-21
290,Harinakshi Uppal,Mysore,2024-11-26
291,Pratyush Dewan,Bathinda,2024-07-07
292,Geetika Krishna,Hapur,2025-06-09
293,Teerth Balakrishnan,Panihati,2026-03-07
294,Akshay Gade,Malda,2025-03-10
295,Ishita Ganguly,Vadodara,2025-02-13
296,Anusha Andra,Faridabad,2024-06-06
297,Lucky Dutta,Sambalpur,2025-07-13
298,Gaurang Comar,Imphal,2026-02-26
299,Dalbir Shukla,Karnal,2026-01-28
300,Nitesh Nadig,Serampore,2024-08-25
301,Falguni Dubey,Sagar,2024-12-25
302,Aradhana Narula,Tirupati,2024-05-23
303,Zaitra Yohannan,Hazaribagh,2024-10-20
304,Mahika Sandhu,Mango,2025-10-14
305,Ekiya Kadakia,Barasat,2024-07-05
306,Chandresh Modi,Ambattur,2025-10-10
307,Jeremiah Walla,Dhule,2025-01-12
308,Rehaan Patla,Jaunpur,2025-12-16
309,Upkaar Thaman,Firozabad,2025-10-06
310,Reva Sangha,Gwalior,2024-12-23
311,Warinder Menon,Nellore,2025-11-03
312,Yatan Palan,Gulbarga,2025-08-08
313,Aashi Gara,Ujjain,2025-05-27
314,Advik Arora,Ramgarh,2025-05-29
315,Bhanumati Barad,Thiruvananthapuram,2025-09-22
316,Zashil Madan,Kanpur,2025-09-13
317,Dev Thaman,Thanjavur,2024-12-03
318,Ikbal Sule,Bhusawal,2025-11-30
319,Bhavini Vora,Muzaffarnagar,2024-12-19
320,Charan Rao,Noida,2026-01-31
321,Tanay Pathak,Kolkata,2024-07-04
322,Kritika Konda,Avadi,2025-08-12
323,Chaaya Ramaswamy,Shimla,2025-08-16
324,Samuel Deo,Sangli-Miraj & Kupwad,2026-05-05
325,Kala Dhillon,Dharmavaram,2025-07-05
326,Harsh Devi,Dehradun,2025-04-26
327,Sathvik Vala,Ramgarh,2024-11-15
328,Samuel Wadhwa,Bhavnagar,2026-05-02
329,Panini Karpe,Khandwa,2024-09-27
330,Rohan Soman,Bangalore,2024-11-16
331,Nitara Sharma,Madanapalle,2025-10-02
332,Onveer Mandal,Orai,2026-05-17
333,Priya Kapur,Ramagundam,2026-04-29
334,Kai Chauhan,Bhagalpur,2025-12-21
335,Irya Mani,Siliguri,2024-07-01
336,Nakul Banerjee,Panihati,2025-09-13
337,Azad Chatterjee,Kishanganj,2025-04-05
338,Bhavini Subramanian,Bhiwandi,2025-10-14
339,Aarnav Kade,Kolkata,2024-05-27
340,Gaurav Sama,Adoni,2025-04-09
341,Udant Bawa,Madurai,2024-11-29
342,Max Kaul,Tezpur,2025-12-16
343,Ekiya Shenoy,Karimnagar,2025-12-11
344,Yasti Bansal,Thanjavur,2024-12-10
345,Alka Setty,Jaipur,2025-06-07
346,Nicholas Gill,Shimoga,2025-04-02
347,Ranveer Lanka,Erode,2024-12-13
348,Arya Wali,Gangtok,2025-09-21
349,Kala Sekhon,Gudivada,2025-05-17
350,Tamanna Vora,Aurangabad,2026-01-09
351,Azaan Hegde,Ichalkaranji,2025-02-23
352,Sanya Doctor,Udaipur,2026-02-20
353,Pahal Basak,Davanagere,2025-03-04
354,Chaaya Chaudhuri,Phusro,2025-07-12
355,Ishita Soman,Satna,2024-12-02
356,Brijesh Brar,Jalna,2026-04-06
357,Advay Keer,Karnal,2024-11-07
358,Ishani Trivedi,Vijayawada,2024-09-08
359,Odika Ramesh,Rohtak,2025-01-09
360,Widisha Varma,Dindigul,2025-11-18
361,Irya Konda,Guwahati,2025-07-30
362,Dayamai Chandra,Mirzapur,2025-09-23
363,Yashawini Bala,Shimoga,2025-12-23
364,Urvashi Dhillon,Pimpri-Chinchwad,2025-07-08
365,Indali Grover,Burhanpur,2026-04-24
366,Nakul Samra,Narasaraopet,2025-04-10
367,Libni Tata,Kadapa,2026-04-26
368,Leela Lad,Bokaro,2024-07-11
369,Nachiket Mann,Proddatur,2026-04-06
370,Arunima Sengupta,Gandhidham,2024-08-28
371,Harish Khanna,Tirupati,2024-08-20
372,Upasna Pradhan,Rajpur Sonarpur,2025-08-23
373,Ati Kapoor,Silchar,2026-04-29
374,Viraj Prakash,Bidhannagar,2025-03-12
375,Rachita Agate,Vellore,2025-01-23
376,Meghana Palla,Pondicherry,2025-11-12
377,Onveer Yogi,Medininagar,2025-03-13
378,Unni Chanda,Jodhpur,2024-12-31
379,Kamya More,Kota,2025-12-26
380,Ati Keer,Karnal,2024-09-12
381,Turvi Dasgupta,Katihar,2025-11-06
382,Panini Bahl,Thrissur,2025-11-12
383,Vasana Dube,Dhule,2025-07-15
384,Oliver Puri,Patiala,2025-01-26
385,Chaitanya Sami,Tirunelveli,2026-05-04
386,Tripti Nath,Bijapur,2026-03-30
387,Advik Bhatti,Ongole,2024-09-18
388,Udyati Luthra,Bhalswa Jahangir Pur,2024-10-18
389,Divya Krishnan,Pali,2025-10-03
390,Pranav Gole,Vellore,2025-12-27
391,Varenya Tata,Jalna,2026-02-17
392,Neelima Chander,Proddatur,2024-10-19
393,Jacob Rama,Ramgarh,2025-02-21
394,Chavvi Chandra,Katni,2024-05-25
395,Bhavini Balasubramanian,Khora ,2025-06-13
396,Utkarsh Dar,Jalgaon,2024-06-17
397,Jyoti Gera,Kolkata,2025-08-28
398,Chavvi Yogi,Ahmednagar,2025-07-26
399,Yochana Jain,Ambala,2025-03-14
400,Faris Solanki,Kolhapur,2025-06-20
401,Radha Ahluwalia,Narasaraopet,2026-01-29
402,Wishi Pingle,Bally,2024-12-28
403,Lakshmi Chacko,Karnal,2024-09-06
404,Yadavi Chada,Narasaraopet,2024-07-15
405,Bakhshi Bhatia,Sonipat,2026-04-14
406,Yashasvi Badal,Raebareli,2025-09-30
407,Vritti Prabhu,Hospet,2025-10-01
408,Adweta Keer,Mysore,2025-07-11
409,Yatin Johal,Bhubaneswar,2026-04-19
410,Aarush Sarin,Mirzapur,2025-02-21
411,Radhika Tripathi,Anand,2026-04-17
412,Logan Chandran,Karawal Nagar,2024-10-05
413,Nirja Baria,Patiala,2025-04-26
414,Dalbir Walla,Noida,2026-01-06
415,Daksh Johal,Sambalpur,2025-05-30
416,Gaurav Chopra,Delhi,2026-04-25
417,Isha Dey,Karawal Nagar,2026-02-07
418,Sara Vora,Sagar,2024-10-10
419,Forum Patla,Chandigarh,2025-04-05
420,Adweta Nanda,Kozhikode,2025-02-19
421,Abeer Dugar,Bellary,2026-03-12
422,Nitara Saraf,Belgaum,2026-02-04
423,Megha Morar,Bhopal,2024-07-20
424,Prisha Nagi,Bhimavaram,2025-09-19
425,Gunbir Bose,Silchar,2024-05-31
426,Vasudha Jani,Miryalaguda,2024-09-14
427,Bhavna Soman,Tiruppur,2026-04-11
428,Elijah Khurana,Guna,2025-01-11
429,Mason Jha,Bhilwara,2026-02-08
430,Ekta Mishra,Patna,2025-10-18
431,Gabriel Ram,Vasai-Virar,2024-08-28
432,Jeevika Sant,Dewas,2026-02-02
433,Champak Ram,Khammam,2025-11-21
434,Krish Mammen,Ludhiana,2026-04-10
435,Theodore Narasimhan,Jabalpur,2025-09-27
436,Oviya Modi,Hubli–Dharwad,2024-11-10
437,Azad Padmanabhan,Haldia,2025-10-10
438,Gagan Kari,Sasaram,2025-06-19
439,Sachi Doshi,Dhule,2025-01-12
440,Bhavika Muni,Guntakal,2024-11-07
441,Xiti Sheth,Pudukkottai,2024-10-26
442,Samar Apte,Bihar Sharif,2025-01-23
443,Riya Khanna,Nangloi Jat,2025-04-05
444,Shivansh Dhar,Gorakhpur,2024-11-30
445,Isha Pai,Suryapet,2024-06-10
446,Ladli Baria,Shivpuri,2025-08-21
447,Hritik Venkatesh,Shivpuri,2024-07-12
448,Falan Butala,Katni,2025-04-27
449,Nidra Kapoor,Purnia,2026-03-05
450,Christopher Barad,Giridih,2025-01-07
451,Ganga Bhatt,Kakinada,2025-07-31
452,Matthew Oak,Guntakal,2026-01-09
453,Aadhya Konda,Bidar,2024-08-18
454,Charvi Kapoor,Lucknow,2026-03-26
455,Ryan Sampath,Rourkela,2025-08-22
456,Inaya Kale,Pallavaram,2025-08-13
457,Darsh Bhat,Gopalpur,2024-09-12
458,Balendra Sarin,Jalna,2025-11-05
459,Patrick Ben,Karnal,2024-11-08
460,Nisha Naidu,Korba,2026-01-19
461,Zaitra Sood,Hazaribagh,2026-03-04
462,Girindra Malhotra,Eluru,2024-12-19
463,Qarin Biswas,Madhyamgram,2025-03-02
464,Vansha Chadha,Tiruchirappalli,2024-07-04
465,Lakshmi Kannan,Kurnool,2026-04-20
466,Aashi Kala,Bongaigaon,2024-11-14
467,Manthan Nagar,Pimpri-Chinchwad,2025-04-21
468,Osha Jani,Morena,2025-10-30
469,Yuvraj Nagy,Bangalore,2025-09-21
470,Chakrika Lata,Farrukhabad,2024-06-29
471,Rushil More,Anantapur,2026-03-12
472,Chaitaly Rajagopal,Muzaffarpur,2025-08-17
473,Wazir Dasgupta,Mysore,2024-07-09
474,Bhavna Banik,Bharatpur,2025-05-18
475,Advaith Kale,Patiala,2024-12-22
476,Urishilla Arya,Saharanpur,2025-11-07
477,Ekansh Khosla,Begusarai,2026-03-16
478,Vritti Sama,Buxar,2024-11-15
479,Teerth Kapoor,Bikaner,2025-03-10
480,Chaitanya Barad,Asansol,2025-12-16
481,Suhani Reddy,Mau,2025-11-26
482,Udyati Thaman,Bareilly,2025-11-29
483,Tripti Jani,Rampur,2025-06-05
484,Owen Sampath,Dehradun,2025-06-15
485,Xavier Behl,Visakhapatnam,2026-01-10
486,Sarthak Bhat,Chandigarh,2025-06-08
487,Luke Murthy,Hapur,2024-11-07
488,Advaith Johal,Bhusawal,2025-03-14
489,Maanav Acharya,Bhopal,2025-10-24
490,Lopa Varughese,Rajahmundry,2025-12-13
491,Aarush Loyal,Bikaner,2025-03-23
492,Zayyan Varkey,Mango,2025-06-08
493,Jeremiah Bawa,Aizawl,2026-04-18
494,Widisha Agrawal,Ambarnath,2026-02-15
495,Meghana Bobal,Nadiad,2024-10-31
496,Meghana Lanka,Moradabad,2025-11-25
497,Ganga Tara,Tiruchirappalli,2025-03-27
498,Ryan Mittal,South Dumdum,2025-04-24
499,Jacob Yohannan,Bhubaneswar,2025-09-02
500,Ekbal Sant,Gwalior,2024-06-18
501,Yamini Muni,Malegaon,2025-07-31
502,Daniel Nagi,Hosur,2025-06-03
503,Dalaja Kapoor,Unnao,2024-07-27
504,Darsh Hora,Warangal,2026-01-28
505,Vasudha Varughese,Shivpuri,2026-03-05
506,Zehaan Walla,Kakinada,2025-12-07
507,Ekansh Gupta,Visakhapatnam,2025-03-01
508,Amruta Kadakia,Erode,2024-09-29
509,Pooja Agrawal,Miryalaguda,2024-10-08
510,Nilima Zacharia,Ahmednagar,2025-07-20
511,Dayamai Gopal,Rajkot,2024-10-06
512,Yamini Raju,Chapra,2025-04-23
513,Agastya Mani,Ahmedabad,2026-02-24
514,Ekantika Bhavsar,Bongaigaon,2024-08-15
515,Chanakya Garde,Bhilai,2025-06-19
516,Ubika Srivastava,Kozhikode,2026-04-23
517,Neha Hora,Shimoga,2025-10-28
518,Upadhriti Chaudhry,Sonipat,2026-03-26
519,Irya Sarna,Guna,2026-02-14
520,Rudra Palla,Kadapa,2024-12-28
521,Wazir Muni,Bhubaneswar,2025-08-19
522,Meera Sen,Ghaziabad,2024-09-06
523,Ekta Som,Ichalkaranji,2025-03-20
524,Faras Sampath,Gaya,2026-04-01
525,Viraj Halder,Agra,2025-02-06
526,Advaith Saraf,Jaunpur,2024-12-11
527,Darpan More,Jaipur,2024-10-05
528,Laksh Yadav,Unnao,2026-02-25
529,Balvan Bhalla,Berhampur,2025-03-04
530,Nikita Nanda,Morbi,2024-10-01
531,Harini Kulkarni,Siwan,2025-04-16
532,Omaja Nagi,Nanded,2025-06-14
533,Nitara Palla,Kakinada,2025-10-18
534,Ekani Chaudhry,Udupi,2026-05-06
535,Luke Anand,Hindupur,2024-07-23
536,Pranav Khanna,Bhilwara,2025-10-17
537,Oviya Kadakia,Arrah,2024-08-19
538,Yutika Palan,Durg,2025-02-15
539,Nandini Parmer,Thane,2025-05-20
540,Vedhika Korpal,Chittoor,2025-03-25
541,Omisha Apte,Mau,2026-04-29
542,Sanya Anand,Sirsa,2024-10-02
543,Alka De,Karawal Nagar,2024-07-03
544,Suhani Chandra,Hospet,2025-10-30
545,Hemang Mangat,Bareilly,2025-04-20
546,Jagdish Tripathi,Jehanabad,2025-05-22
547,Bina Dass,Hubli–Dharwad,2024-12-19
548,Pahal Babu,Pallavaram,2026-01-10
549,Idika Sule,Bardhaman,2025-02-11
550,Ayaan Kaul,Morbi,2025-07-20
551,Chaman Pant,Siliguri,2025-05-05
552,Zilmil Rajagopal,Hindupur,2025-08-15
553,Nilima Narayan,Bhiwandi,2026-04-20
554,Jairaj Rama,Belgaum,2025-06-13
555,Bahadurjit Bhagat,Moradabad,2026-01-30
556,Peter Koshy,Farrukhabad,2026-04-28
557,Oeshi Menon,Mirzapur,2025-11-27
558,Warinder Goel,South Dumdum,2024-06-10
559,Tejas Palla,Hazaribagh,2025-05-16
560,Anthony Dayal,Vasai-Virar,2025-09-10
561,Nicholas Dixit,Dibrugarh,2025-06-25
562,Tarak Mannan,Vasai-Virar,2026-01-02
563,Sanaya Prasad,Karaikudi,2025-12-18
564,Yashawini Sahota,Shahjahanpur,2024-06-03
565,Chaitanya Shukla,Karimnagar,2025-05-02
566,Jalsa Keer,Ujjain,2024-06-13
567,Gagan Sawhney,Kadapa,2025-04-23
568,William Chand,Mirzapur,2025-11-05
569,Radha Doshi,New Delhi,2026-01-07
570,Krishna Chand,Bidar,2025-02-22
571,Nihal Patel,Kirari Suleman Nagar,2024-11-29
572,Damini Pradhan,Rajkot,2026-05-10
573,Wazir Dhawan,Dehri,2026-01-07
574,Chanchal Nagy,Unnao,2025-02-03
575,Yashodhara Suresh,Saharsa,2026-02-11
576,Sanaya Kulkarni,Kakinada,2025-05-04
577,Tristan Patel,Burhanpur,2024-11-23
578,Ekani Mann,Bihar Sharif,2025-10-18
579,Kabir Baria,Tiruchirappalli,2026-02-05
580,Leela Babu,Bangalore,2025-06-30
581,Akshay Wali,Navi Mumbai,2025-11-26
582,Darsh Aurora,Gwalior,2025-11-26
583,Suhani Mangat,Dehri,2024-09-03
584,Eiravati Choudhury,Anantapuram,2025-05-12
585,Kavya Cheema,Sultan Pur Majra,2024-06-26
586,Charvi Deol,Tirupati,2024-12-21
587,Vamakshi Mani,Ghaziabad,2025-02-21
588,Hemang Lall,Shimla,2025-02-12
589,Januja Venkatesh,Surat,2025-10-13
590,Fiyaz Acharya,Mangalore,2026-05-06
591,Idika Bhattacharyya,Khandwa,2025-05-10
592,Eesha Randhawa,Sirsa,2024-06-18
593,Noah Rastogi,Gulbarga,2025-09-04
594,Jason Hans,Haridwar,2025-09-10
595,Kashvi Bhatti,Ambattur,2025-07-15
596,Meghana Basak,Farrukhabad,2026-02-19
597,Faraj Wali,Kishanganj,2025-02-17
598,Edhitha Basak,Karawal Nagar,2024-12-10
599,Advay Tella,Bulandshahr,2024-10-01
600,Bahadurjit Modi,Medininagar,2024-12-21
601,Vasatika Biswas,Morbi,2026-05-16
602,Manya Choudhary,Mau,2025-01-30
603,Indali Shanker,Proddatur,2024-05-22
604,Ronith Kurian,New Delhi,2025-04-05
605,Charvi Jha,Maheshtala,2024-11-20
606,Benjamin Dass,Bhopal,2025-04-06
607,Chakrika Anne,Bhatpara,2026-01-25
608,Dayamai Muni,Sangli-Miraj & Kupwad,2024-09-23
609,Farhan Parekh,Berhampur,2024-08-08
610,Raghav Jaggi,Sikar,2025-02-25
611,Kamala Sheth,Rajpur Sonarpur,2024-06-11
612,Suhani Ramaswamy,Aizawl,2025-08-12
613,Pahal Sawhney,Yamunanagar,2025-03-27
614,Ojasvi Date,South Dumdum,2025-03-20
615,Varenya Mangal,Mysore,2025-01-19
616,Omya Mangal,Jhansi,2026-05-04
617,Aradhana Krishna,Bhiwani,2025-08-10
618,Yatan Garg,Ghaziabad,2024-12-08
619,Yamini Pandey,Gaya,2025-04-23
620,Vasudha Date,Shimoga,2025-12-23
621,Robert Chopra,Bulandshahr,2025-09-13
622,Krisha Bhagat,Siliguri,2025-09-09
623,Gaurav Sehgal,Ambala,2024-08-26
624,Netra Vyas,Parbhani,2024-07-12
625,Onkar Borde,Amaravati,2025-07-29
626,Joshua Kapadia,Ulhasnagar,2025-10-06
627,Max Kamdar,Dehri,2025-12-21
628,Ishani Mukherjee,Kochi,2025-10-09
629,Tanish Nadkarni,Dharmavaram,2024-09-23
630,Chanchal Menon,Bhiwani,2025-09-20
631,Vyanjana Kulkarni,Thiruvananthapuram,2025-01-09
632,Falguni Naidu,Orai,2026-03-01
633,Vedika Yogi,Gangtok,2025-09-08
634,Benjamin Nayar,Coimbatore,2026-01-01
635,Chaitanya Babu,Hospet,2025-12-13
636,Anmol Anne,Tinsukia,2025-02-16
637,Rayaan Sibal,Malda,2024-07-04
638,Pranav Shankar,Haridwar,2026-03-16
639,Indira Shere,Karimnagar,2024-12-07
640,Praneel Shroff,Orai,2025-08-30
641,Janani Sanghvi,Anand,2025-04-23
642,Upadhriti Sampath,Rajpur Sonarpur,2025-02-02
643,Sachi Dar,Bokaro,2025-05-16
644,Jalsa Sahni,Ghaziabad,2025-06-08
645,Xiti Grover,Alwar,2024-07-10
646,Chasmum Srinivas,Kamarhati,2025-12-30
647,Sanya Vala,Bally,2025-01-23
648,Frado Jain,Faridabad,2025-07-20
649,Aradhana Pradhan,Varanasi,2025-09-02
650,Aayush Mohan,Bhatpara,2025-02-04
651,Pallavi Borah,Bhatpara,2025-09-19
652,Lohit Bava,Varanasi,2024-11-30
653,Hitesh Chaudhuri,Katni,2024-11-13
654,Samarth Hora,Amritsar,2025-08-29
655,Ishani Grover,Gorakhpur,2024-10-01
656,Dayamai Krish,Thane,2024-09-29
657,Damyanti Sha,Proddatur,2026-03-21
658,Gunbir Deo,Tumkur,2024-12-19
659,Kamala Joshi,Anand,2025-09-16
660,Tamanna Krishnamurthy,Haridwar,2025-10-05
661,Gautami Sha,Deoghar,2024-07-23
662,Harish Radhakrishnan,Secunderabad,2026-05-06
663,Aradhana Padmanabhan,Thoothukudi,2025-07-14
664,Xalak Som,Secunderabad,2024-09-14
665,Hemang Sant,Alwar,2026-02-20
666,Keya Mall,Kota,2025-07-21
667,Turvi Gokhale,Shimoga,2025-08-20
668,Ayaan Mall,Tezpur,2026-03-15
669,Tripti Nair,Rajahmundry,2024-07-16
670,Rohan Bala,Korba,2025-11-05
671,Ridhi Dugar,Hubli–Dharwad,2024-09-03
672,Chameli Narasimhan,Salem,2025-05-26
673,Prisha Korpal,Sasaram,2024-08-04
674,Chakrika Padmanabhan,Bardhaman,2024-10-28
675,Omisha Dani,Nizamabad,2025-07-02
676,Christopher Srivastava,Haldia,2026-01-12
677,Nirja Sampath,Sagar,2024-11-24
678,Kritika Kothari,Udupi,2025-06-05
679,Omya Nagar,Ujjain,2025-02-03
680,Vrishti Vaidya,Raebareli,2025-12-18
681,Ayushman Thaman,Hajipur,2025-10-11
682,Chaaya Kapur,Davanagere,2024-11-10
683,Gayathri Boase,Surendranagar Dudhrej,2024-07-23
684,Finn Kapur,Machilipatnam,2024-07-11
685,Chandani Chander,Ranchi,2025-01-03
686,Eta Kari,Gaya,2024-10-21
687,Lucky Rege,Vasai-Virar,2025-06-26
688,Tejas Dyal,Bidhannagar,2024-11-17
689,Indira Pal,Rampur,2024-05-30
690,Oni Handa,Kochi,2025-01-23
691,Ikshita Koshy,Amaravati,2025-09-16
692,Harita Kaul,Shimoga,2025-08-09
693,Vihaan Narayanan,Vijayanagaram,2025-12-09
694,Bhavani Gala,Bahraich,2026-04-08
695,Bakhshi Chad,Eluru,2025-11-15
696,Jeet Cheema,Rewa,2025-02-24
697,Pushti Baria,Gangtok,2025-08-31
698,Bhavna Basu,Shahjahanpur,2025-12-08
699,Ronith Chowdhury,Hubli–Dharwad,2025-04-21
700,Deepa Kalla,Jabalpur,2025-02-11
701,Lila Nanda,Bellary,2024-09-25
702,Ira Natarajan,Haridwar,2024-10-06
703,Ekta Lall,Ahmedabad,2026-03-31
704,Shravya Hayer,Farrukhabad,2025-01-23
705,Aadi Mane,Ramagundam,2024-09-22
706,Rayaan Wason,Salem,2025-10-14
707,Ishaan Dutta,Vijayawada,2026-02-18
708,Balendra Dhaliwal,Udaipur,2024-06-20
709,Bishakha Dugar,Jalgaon,2024-10-17
710,Amol Acharya,Haridwar,2024-12-19
711,Harita Chaudhry,Jamshedpur,2024-11-10
712,Bachittar Basu,Aurangabad,2026-03-07
713,Azaan Buch,Imphal,2024-11-28
714,Yasti Baria,Uluberia,2026-02-22
715,Janya Balan,Shahjahanpur,2025-11-24
716,Jagvi Apte,Sonipat,2025-09-15
717,Bishakha Narasimhan,Sikar,2025-04-14
718,Girindra Cheema,Mango,2025-05-27
719,Amara Dave,Panvel,2025-10-30
720,Jonathan Das,Mahbubnagar,2026-05-04
721,Isaac Sarraf,Salem,2025-07-13
722,Ayushman Dave,Mysore,2024-08-15
723,Zaitra Pingle,Kollam,2025-02-14
724,Aadhya Acharya,Bhimavaram,2025-12-20
725,Falguni Oommen,Barasat,2024-07-22
726,Yatin Srinivas,Bharatpur,2025-12-03
727,Harini Warrior,Tiruvottiyur,2024-09-08
728,Bakhshi Bhandari,Alwar,2024-08-28
729,Damyanti Dash,Jalandhar,2025-08-24
730,Yahvi Sarin,Dindigul,2025-06-10
731,Yuvraj Dass,Dehradun,2025-01-08
732,Bimala Pai,Madanapalle,2025-08-17
733,Zarna Garde,Hazaribagh,2024-12-06
734,Jagvi Garde,Kollam,2025-02-14
735,Theodore Korpal,Berhampore,2024-11-25
736,Imaran Mangat,Sambalpur,2025-04-10
737,Dayamai Comar,Malegaon,2025-06-21
738,Diya Mangal,Tezpur,2025-10-18
739,Aahana Mital,Kakinada,2026-01-07
740,Max Nagarajan,Ulhasnagar,2025-03-22
741,Aahana Karnik,South Dumdum,2025-06-17
742,Vidhi Sahni,Rajkot,2025-01-19
743,Saksham Bahl,Bidar,2025-11-15
744,Ekbal Mani,Gurgaon,2026-03-07
745,Bina Hayer,Noida,2025-02-10
746,Oeshi Mallick,Kavali,2026-04-08
747,Manthan Goel,Pali,2025-04-29
748,Avni Shankar,Faridabad,2025-07-12
749,Charan Basak,Parbhani,2025-07-07
750,Timothy Ravel,Bhilwara,2026-02-24
751,Maanas Nath,Panihati,2025-11-13
752,Kavya Sachdev,Bhilai,2024-05-25
753,Turvi Memon,Bangalore,2024-09-14
754,Amrita Mukherjee,Jhansi,2024-09-27
755,Yochana Hora,Jhansi,2025-07-10
756,Yochana Srivastava,Bhubaneswar,2025-03-24
757,Upma Kadakia,Hospet,2025-11-14
758,Noah Pillai,Bhatpara,2024-10-17
759,Devansh Mutti,Warangal,2024-07-08
760,Neel Kapadia,Kadapa,2025-10-30
761,Dipta Magar,Bijapur,2025-05-16
762,Lakshit Hayer,Rajahmundry,2024-10-10
763,Bachittar Behl,Tadepalligudem,2024-07-22
764,Widisha Cheema,Muzaffarpur,2024-12-07
765,Brijesh Nadkarni,Berhampore,2025-08-23
766,Sanya Seshadri,Bhind,2024-10-05
767,Balendra Chaudhary,Anantapur,2024-11-21
768,Upkaar Vala,Suryapet,2024-08-15
769,Saksham Khosla,Tiruchirappalli,2025-09-03
770,Upadhriti Sura,Ghaziabad,2025-07-14
771,Zaitra Chaudhary,Bally,2024-07-05
772,Pahal Vaidya,Allahabad,2024-06-25
773,Mason Banik,Chennai,2025-07-07
774,Baghyawati Natarajan,Varanasi,2026-04-16
775,Widisha Narasimhan,Moradabad,2025-08-24
776,Omkaar Batra,Saharanpur,2024-12-28
777,Liam Pathak,Tiruvottiyur,2025-12-07
778,Chaaya Venkatesh,Vijayanagaram,2025-01-02
779,Vanya Trivedi,Hazaribagh,2025-10-30
780,Daniel Thakur,Deoghar,2025-03-19
781,Bimala Narain,Gaya,2026-03-18
782,Balvan Shan,Bhind,2026-02-15
783,Ijaya Gour,Noida,2024-08-07
784,Nachiket Ghosh,Cuttack,2025-10-11
785,Chanchal Keer,Udaipur,2024-09-13
786,Peter Barad,Loni,2025-04-29
787,Daksha Venkataraman,Chapra,2025-05-03
788,Alexander Sani,Gudivada,2026-01-02
789,Yochana Sengupta,Bokaro,2025-06-19
790,Rishi Rege,Tiruppur,2025-12-10
791,Chatresh Manda,Hazaribagh,2024-11-15
792,Ira Sunder,Kurnool,2025-03-05
793,Pavani Keer,Aizawl,2024-12-23
794,Darika Pandya,New Delhi,2024-09-28
795,Onveer Kapur,Yamunanagar,2025-04-11
796,Hema Sur,Hyderabad,2026-02-07
797,Jagat Bose,Gangtok,2025-03-18
798,Siya Swaminathan,Begusarai,2026-04-22
799,Meera Ratti,Aurangabad,2025-06-25
800,Faraj Mishra,Deoghar,2024-11-21
801,Luke Shere,Dindigul,2026-02-01
802,Onveer Sawhney,Rajahmundry,2024-10-27
803,Zilmil Lal,Surat,2024-07-04
804,Saumya Cheema,Korba,2026-04-27
805,Gabriel Nadig,Malegaon,2026-03-17
806,Ranbir Bala,Tadipatri,2026-02-09
807,Nidra Mahajan,Ajmer,2024-08-13
808,Girik Yogi,Kishanganj,2026-03-17
809,Bhavika Vasa,Morena,2024-10-01
810,Amruta Kant,Hospet,2026-02-26
811,Chaman Bir,Miryalaguda,2026-01-11
812,Anirudh Gour,Hindupur,2025-07-21
813,Chatura Thaman,Srinagar,2025-07-29
814,Aarini Karpe,Kottayam,2025-05-03
815,Anjali Dass,Pudukkottai,2026-05-05
816,Vasudha Dora,Baranagar,2024-11-16
817,Divya Karnik,Cuttack,2025-03-21
818,Vedant Tara,Surat,2024-07-24
819,Wazir Soni,Shimoga,2025-11-28
820,Anamika Patla,Patna,2025-05-03
821,Lavanya Kakar,Jalandhar,2025-10-01
822,Oscar Gill,Raipur,2024-09-17
823,Bhanumati Jhaveri,Saharsa,2025-07-30
824,Rayaan Yadav,Asansol,2025-08-10
825,Qushi Choudhury,Rajahmundry,2024-09-03
826,Saanvi Chadha,Howrah,2026-03-15
827,Yash Magar,Sri Ganganagar,2024-09-07
828,Elijah Johal,Maheshtala,2025-05-30
829,Advik Patil,Shivpuri,2025-04-09
830,Chakrika Kalla,Tumkur,2024-10-19
831,Dev Nazareth,Nandyal,2024-12-02
832,Onkar Ravel,Mumbai,2025-12-06
833,Yashasvi Dugar,Cuttack,2024-11-19
834,Netra Lall,Nizamabad,2024-07-28
835,Aishani Mahajan,Vasai-Virar,2024-09-27
836,Samarth Chada,Coimbatore,2025-11-20
837,Aashi Parsa,Durgapur,2026-04-30
838,Keya Shan,Bahraich,2025-09-24
839,Qushi Dhingra,Aurangabad,2024-05-31
840,Priya Mahal,Amaravati,2025-03-29
841,Qarin Sarma,Siliguri,2025-03-12
842,Benjamin Sidhu,Hyderabad,2024-05-27
843,Mason Tank,Moradabad,2024-08-11
844,Gagan Shetty,Bhiwani,2025-05-16
845,Bahadurjit Sule,Jamnagar,2026-05-18
846,Nikita Sahni,Kalyan-Dombivli,2024-12-10
847,Janaki Ranganathan,Giridih,2025-06-05
848,Aahana Dugar,Bharatpur,2024-10-29
849,Charvi Bhavsar,Shivpuri,2024-11-14
850,Idika Palan,Hindupur,2026-02-24
851,Warda Batta,Cuttack,2024-11-10
852,Amaira Biswas,Katni,2025-05-11
853,Reyansh Bhatnagar,Visakhapatnam,2025-12-05
854,Nirja Gandhi,Buxar,2024-08-19
855,Zansi Sharma,Vijayanagaram,2025-09-18
856,Girik Nath,Proddatur,2025-07-26
857,Laban Roy,Chennai,2024-08-14
858,George Oza,Bhusawal,2025-03-04
859,Yagnesh Mannan,Ambattur,2025-01-25
860,Dhriti Mangat,New Delhi,2024-10-06
861,Ridhi Sekhon,Muzaffarpur,2024-06-27
862,Ishwar Wali,Bhiwani,2026-04-04
863,Adya Dyal,Bongaigaon,2025-08-06
864,Avni Sabharwal,Ulhasnagar,2025-07-24
865,Kevin Karnik,Mirzapur,2024-07-24
866,Kiaan Chada,Bidar,2025-11-24
867,Priya Deep,Arrah,2025-09-20
868,Chaitanya Banik,Gulbarga,2025-07-24
869,Mitesh Bath,Ludhiana,2024-11-05
870,Amara Savant,Ludhiana,2026-03-05
871,Falguni Wagle,Khandwa,2024-09-23
872,Radhika Bahl,Medininagar,2024-07-20
873,Vansha Gara,Delhi,2024-08-23
874,Faris Sidhu,Nanded,2025-02-20
875,Yagnesh Kulkarni,Machilipatnam,2025-04-20
876,Neel Iyengar,Khammam,2025-07-21
877,Nakul Misra,Ranchi,2025-11-24
878,Libni Sengupta,Imphal,2024-06-07
879,Madhav Raghavan,Purnia,2025-03-07
880,Darsh Kaul,Mau,2024-09-03
881,Madhav Nadig,Shahjahanpur,2025-11-13
882,Pratyush Sachdev,Haldia,2025-03-08
883,Chanakya Dani,Bijapur,2024-08-09
884,Charan Grover,Bhusawal,2024-06-25
885,Sachi Dhar,Nizamabad,2025-02-28
886,Kiaan Nair,Bally,2024-06-20
887,Jeevika Kumar,Gandhidham,2024-09-01
888,Janya Tailor,Shimla,2025-10-21
889,Jonathan Tank,Kavali,2025-02-14
890,Kala Amble,Kharagpur,2026-04-28
891,Kashvi Seshadri,Navi Mumbai,2024-10-14
892,Quincy Chadha,Asansol,2024-06-11
893,Pushti Patla,Anantapuram,2024-05-28
894,Ikbal Dua,Ulhasnagar,2025-03-30
895,Vidhi Devan,Raurkela Industrial Township,2025-03-26
896,Yochana Batra,Gaya,2025-03-14
897,Ishaan Nayar,Gandhidham,2024-12-29
898,Harsh Baria,Durgapur,2026-03-05
899,Sachi Batra,Kollam,2025-08-21
900,Vincent Bhatia,Hapur,2026-05-10
901,Chatresh Deshmukh,Ranchi,2024-11-08
902,Warjas Rana,South Dumdum,2025-05-04
903,Hema Dara,Ratlam,2026-02-15
904,Anvi Dhillon,Orai,2025-10-30
905,Indali Lalla,Bhalswa Jahangir Pur,2026-03-21
906,Watika Arya,Fatehpur,2026-03-09
907,Vivaan Buch,Belgaum,2025-05-21
908,Bishakha Thakkar,Chennai,2024-09-05
909,Onkar Thaker,Mehsana,2026-05-03
910,Nathan Nazareth,Bhalswa Jahangir Pur,2025-02-23
911,Krish Bains,Nellore,2024-09-03
912,Baghyawati Kade,Chinsurah,2025-09-10
913,Yuvraj Dada,Kharagpur,2024-09-15
914,Shravya Basak,Satna,2025-09-21
915,Aarna Gokhale,Morbi,2026-02-15
916,Elijah Ganesan,Alappuzha,2026-04-06
917,Tanay Bhatia,Farrukhabad,2025-04-15
918,Reyansh Tara,Sonipat,2024-09-01
919,Anthony Sinha,Dindigul,2024-07-22
920,Isaac Brar,Erode,2024-09-16
921,Sanya Sur,Jodhpur,2026-04-08
922,Waida Shah,Khora ,2024-10-18
923,Jackson Kala,Haldia,2024-08-28
924,Girik Mital,Erode,2025-07-26
925,Ekaraj Rastogi,Mira-Bhayandar,2026-03-13
926,Maanav Venkatesh,Sultan Pur Majra,2025-02-09
927,Triya Padmanabhan,Aurangabad,2025-09-26
928,Anirudh Mody,Kottayam,2026-03-27
929,Hemangini Deshmukh,Dehradun,2025-01-10
930,Reyansh Grewal,Berhampur,2025-08-01
931,Lakshmi Bansal,Haldia,2024-08-31
932,Nandini Sathe,Ludhiana,2024-10-10
933,Avi Goel,Ahmednagar,2025-05-31
934,Reva Virk,Imphal,2025-08-25
935,Krishna Shankar,Bhiwandi,2025-06-28
936,Krish More,North Dumdum,2025-01-29
937,Anjali Radhakrishnan,Jamnagar,2025-05-04
938,Rachit Varma,Bathinda,2025-06-04
939,Aahana Dugar,Shimla,2024-07-12
940,Chandani Chandra,Uluberia,2026-01-21
941,Daksha Dayal,Tumkur,2026-02-08
942,Zaid Sanghvi,Farrukhabad,2024-10-04
943,Xavier Date,Vijayanagaram,2024-08-03
944,Mason Sama,Kakinada,2025-10-11
945,Bina Chanda,Thoothukudi,2025-09-03
946,Vedika Rout,Saharsa,2026-02-17
947,Anay Nazareth,Raipur,2025-12-18
948,Shravya Chana,Jaipur,2025-02-01
949,Zayan Yohannan,Sikar,2024-11-07
950,Nikita Dey,Nizamabad,2024-11-26
951,Yash Bansal,Ratlam,2025-05-10
952,Jasmit Varkey,Haldia,2024-05-26
953,Amruta Dugar,Surendranagar Dudhrej,2025-08-06
954,Bhavna Mitter,Mango,2025-01-19
955,Osha Mangat,Aizawl,2025-03-19
956,Lucky Rau,Rampur,2026-05-06
957,Nirja Rajan,Nagaon,2025-12-15
958,Aradhana Tailor,New Delhi,2026-01-30
959,Logan Modi,Nellore,2024-09-18
960,Falan Murty,Korba,2025-10-26
961,Ojasvi Tailor,Karimnagar,2024-11-04
962,Baghyawati Basu,Gulbarga,2025-12-05
963,Lohit Raj,Chapra,2026-04-22
964,Ijaya Nagarajan,Ambala,2026-04-23
965,Sachi Patil,Ambarnath,2024-08-03
966,Dalbir Chakrabarti,Satara,2026-03-03
967,Raksha Kade,Udupi,2024-12-15
968,Yatin Chaudhry,Jaunpur,2025-06-02
969,Lopa Sant,Ludhiana,2025-07-10
970,Nimrat Cherian,Mahbubnagar,2026-02-23
971,Charita Chokshi,Surat,2026-03-24
972,Eshana Varghese,Sultan Pur Majra,2024-10-07
973,Nitesh Kamdar,Ichalkaranji,2025-09-22
974,Avi Bakshi,Yamunanagar,2024-10-16
975,Watika Nanda,Khora ,2025-12-08
976,Aditya Chanda,Udupi,2025-09-19
977,Bina Bhatti,Sikar,2025-07-28
978,Zinal Lala,Ratlam,2025-04-21
979,Xavier Nanda,Rajahmundry,2025-06-07
980,Logan Datta,Jalna,2025-04-04
981,Samesh Uppal,Amritsar,2025-03-28
982,Omaja Kuruvilla,Durgapur,2025-04-20
983,Triveni Mangat,Kharagpur,2026-04-28
984,Warinder Pathak,Nizamabad,2026-03-19
985,Warinder Babu,Nagpur,2025-04-15
986,Vamakshi Edwin,Hazaribagh,2025-07-30
987,Gaurika Bhasin,Haldia,2025-06-04
988,Darika Dey,Shahjahanpur,2024-08-09
989,Januja Rege,Salem,2025-12-26
990,Charan Dugar,Sambhal,2025-10-07
991,Rachita Suri,Nagpur,2024-06-10
992,Chandani Barad,Sonipat,2024-11-25
993,Yashasvi Krishnan,Delhi,2025-06-04
994,Matthew Vig,Karaikudi,2025-01-21
995,Anjali Nazareth,Alwar,2024-08-15
996,Rudra Chacko,Gaya,2025-09-03
997,Ati Prashad,Thoothukudi,2025-12-15
998,Hitesh Sem,Srinagar,2026-05-18
999,Vasana Oommen,Bareilly,2025-07-05
1000,Gunbir Deshmukh,Junagadh,2025-09-16
1001,Anthony Mukhopadhyay,Chandigarh,2025-10-07
1002,Anthony Basu,Shimla,2024-11-10
1003,Anusha Mand,Ozhukarai,2025-07-12
1004,Isha Borde,Hindupur,2024-07-14
1005,Manya Chad,Thoothukudi,2026-02-10
1006,Radhika De,Shahjahanpur,2025-12-18
1007,Leela Garde,Lucknow,2025-07-26
1008,Ekanta Kulkarni,Thrissur,2024-09-02
1009,Jyoti Thakkar,Nanded,2025-11-11
1010,Yashvi Sundaram,Guntakal,2024-09-28
1011,Ati Acharya,Haridwar,2024-08-23
1012,Vedika Dani,Amroha,2025-04-14
1013,Rajata Khurana,Phusro,2024-07-31
1014,Ojas Ratta,Pudukkottai,2024-08-02
1015,Deepa Biswas,Ichalkaranji,2026-04-25
1016,Geetika Nadig,Varanasi,2024-10-16
1017,Balvan Merchant,Karaikudi,2024-12-30
1018,Samuel Krishnan,Nandyal,2025-09-20
1019,Aashi Nayak,Karnal,2025-12-13
1020,Leena Mukhopadhyay,Deoghar,2025-05-06
1021,Kashish Mukherjee,Sagar,2024-12-15
1022,Ekaja Suresh,Nizamabad,2024-10-06
1023,Aachal Varma,Mehsana,2025-02-22
1024,Vivaan Srinivas,Narasaraopet,2025-12-28
1025,Vansha Shenoy,Thoothukudi,2024-05-20
1026,Kamala Parikh,Karaikudi,2026-01-29
1027,Yadavi Madan,Gopalpur,2025-04-25
1028,Champak Randhawa,Nandyal,2025-08-07
1029,Aarini Hari,Allahabad,2026-01-28
1030,Kabir Dora,Ichalkaranji,2025-05-24
1031,Gagan Sarraf,Chinsurah,2026-04-24
1032,Leena Ramaswamy,Avadi,2025-10-30
1033,Gautami Raja,Chapra,2024-11-25
1034,Frado Bhandari,Gorakhpur,2024-09-07
1035,Wishi Salvi,Ambattur,2024-12-29
1036,Bhavna Magar,Kumbakonam,2026-03-11
1037,Chakrika Ranganathan,Khandwa,2025-06-08
1038,Bhavini Tripathi,Raurkela Industrial Township,2025-10-13
1039,Aarush Nayak,Haridwar,2024-09-04
1040,Anay Ramakrishnan,Tiruchirappalli,2025-07-17
1041,David Sekhon,Pallavaram,2025-07-08
1042,Sarthak Deep,Davanagere,2026-04-12
1043,Vedika Gole,Imphal,2025-06-18
1044,Osha Baria,Dehradun,2026-01-23
1045,Vrishti Karnik,Ballia,2026-02-03
1046,Abdul Kibe,Allahabad,2026-05-05
1047,Rushil Baral,Amroha,2025-09-24
1048,Wyatt Karpe,Jaipur,2025-09-22
1049,Bina Nagar,Baranagar,2025-05-27
1050,Kala More,Deoghar,2025-03-11
1051,Jonathan Varughese,Bulandshahr,2025-12-31
1052,Balvan Atwal,Miryalaguda,2024-06-22
1053,Lila Malhotra,Bulandshahr,2025-12-24
1054,Ikbal Purohit,Nagercoil,2025-04-01
1055,Omisha Bhattacharyya,Varanasi,2026-04-30
1056,Aahana Bajwa,Gopalpur,2024-10-05
1057,Liam Savant,Gopalpur,2024-08-12
1058,Lipika Chakrabarti,Dhanbad,2024-11-25
1059,Yochana Panchal,Gandhinagar,2025-10-02
1060,Amara Jani,Shahjahanpur,2024-11-26
1061,Ethan Minhas,Thoothukudi,2024-11-17
1062,Naksh Sood,Kollam,2025-11-03
1063,Manan Puri,Hyderabad,2026-01-24
1064,Peter Samra,Bardhaman,2026-01-12
1065,Qadim Acharya,Katihar,2024-11-24
1066,Yahvi Munshi,Jamnagar,2025-11-09
1067,Vinaya Saha,Durgapur,2024-10-26
1068,Sanaya Singh,Amritsar,2025-11-25
1069,Joshua Chakraborty,Amravati,2025-04-24
1070,Omkaar Dar,Miryalaguda,2025-08-04
1071,Aarav Dani,Berhampur,2025-11-19
1072,Max Borra,Maheshtala,2025-11-23
1073,Urishilla Mallick,Bhind,2024-08-02
1074,Quincy Sunder,Srinagar,2025-04-18
1075,Radhika Hora,Dharmavaram,2025-07-12
1076,Umang Chaudhry,Ambarnath,2025-03-23
1077,Rajata Dutta,Kottayam,2025-10-14
1078,Irya Sama,Saharsa,2025-01-21
1079,Mekhala Chawla,Raichur,2024-11-20
1080,Ekavir Kade,Ramgarh,2024-09-24
1081,Chaitaly Chander,Kirari Suleman Nagar,2025-07-11
1082,Lakshit Misra,Dhule,2025-01-14
1083,Jairaj Rajagopal,Rourkela,2024-07-27
1084,Forum Dada,Bilaspur,2024-09-28
1085,Dev Lad,Kolhapur,2025-04-01
1086,Urmi Mangal,Tirupati,2025-12-11
1087,Tanay Kulkarni,Raipur,2024-09-06
1088,Nakul Singhal,Saharanpur,2024-08-31
1089,Omkaar Sant,Pudukkottai,2024-12-28
1090,Balvan Sur,Cuttack,2024-10-09
1091,Vrishti Borra,Karimnagar,2024-06-15
1092,Rudra Dugal,Ramagundam,2026-05-04
1093,Zansi Suresh,Narasaraopet,2025-04-19
1094,Ekapad Prasad,Jamnagar,2025-08-04
1095,Falak Bava,Bhimavaram,2025-08-06
1096,Isaiah Iyer,Bidar,2026-03-10
1097,Krishna Uppal,Adoni,2024-06-30
1098,Chaaya Divan,Kota,2024-11-24
1099,Gauri Kalla,Bally,2024-05-22
1100,Dhriti Kurian,Dehri,2024-10-01
1101,Netra Sachdeva,Raebareli,2024-09-06
1102,Ishanvi Pathak,Tadepalligudem,2025-03-16
1103,Omya Rastogi,Amaravati,2024-11-17
1104,Pratyush Krishnan,Berhampore,2024-08-05
1105,Pranit Banerjee,New Delhi,2025-12-11
1106,Sachi Gulati,Madanapalle,2024-08-17
1107,Anamika Rattan,Mysore,2024-08-22
1108,Upma Ratti,Chennai,2025-09-19
1109,Ikbal Soman,Moradabad,2024-11-14
1110,Mitali Pradhan,Bathinda,2025-10-04
1111,Dalbir Doshi,Kadapa,2024-08-03
1112,Rachita Sant,Pali,2025-08-04
1113,Mekhala Sawhney,Guntur,2025-10-30
1114,Ansh Grover,Guwahati,2026-04-14
1115,Dakshesh Kala,Junagadh,2025-05-28
1116,Krisha Nagi,Kolkata,2024-12-22
1117,Lila Khanna,Nellore,2025-07-12
1118,Lajita Bains,Buxar,2026-03-25
1119,Vasatika Kale,Bhavnagar,2026-04-29
1120,Aahana Sidhu,Karaikudi,2025-12-18
1121,Thomas Sharaf,Mehsana,2024-10-13
1122,Dalbir Doctor,Ujjain,2024-05-29
1123,Hemani Sant,Deoghar,2025-09-27
1124,Nachiket Sur,Phusro,2025-10-29
1125,Upadhriti Mallick,Vasai-Virar,2024-07-24
1126,Dayita Gara,Chapra,2026-01-10
1127,Laban Nair,Thane,2025-07-02
1128,Aadhya Subramanian,Shimoga,2025-09-12
1129,Nachiket Andra,Bijapur,2025-07-24
1130,Charita Mukhopadhyay,Siwan,2025-12-26
1131,Aahana Saini,Raebareli,2026-01-10
1132,Divya Kothari,Davanagere,2025-10-07
1133,Jatin Patil,Thoothukudi,2026-05-20
1134,Saanvi Bains,Bhubaneswar,2026-04-24
1135,Aarav Narula,Rajahmundry,2024-10-26
1136,Anmol Agate,Amroha,2026-04-29
1137,Ryan Brahmbhatt,Morena,2026-03-22
1138,Urvi Dhaliwal,Katni,2025-09-03
1139,Omaja Pall,Ambattur,2026-05-07
1140,Logan Sur,Mau,2026-02-25
1141,Avni Radhakrishnan,Kamarhati,2024-07-04
1142,Darsh Korpal,Jabalpur,2024-08-09
1143,Lavanya Bobal,Visakhapatnam,2024-12-31
1144,Damyanti Choudhary,Haridwar,2024-10-25
1145,Sara Anne,Howrah,2025-08-22
1146,Upasna Zachariah,Asansol,2024-07-01
1147,Anirudh Amble,Etawah,2025-04-17
1148,Keya Chaudhry,Mumbai,2025-07-22
1149,Keya Balan,Loni,2024-06-28
1150,Samar Rajan,Ulhasnagar,2025-02-20
1151,Darpan Chawla,Ahmedabad,2025-11-03
1152,Hemangini Munshi,Kumbakonam,2024-12-11
1153,Harita Subramaniam,Ballia,2025-01-18
1154,Karan Randhawa,Tadipatri,2024-07-26
1155,Wyatt Raja,Agartala,2025-01-26
1156,Henry Handa,Haldia,2026-03-20
1157,Yauvani Brar,Phusro,2026-03-18
1158,Isaiah Seth,Giridih,2025-02-11
1159,Deepa Rastogi,Bahraich,2024-07-19
1160,Dakshesh Patel,Danapur,2025-06-23
1161,Ojasvi Nanda,Korba,2024-10-08
1162,Eta Kaul,Proddatur,2025-10-27
1163,Harshil Kapoor,Chinsurah,2025-03-20
1164,Chandani Shan,Hyderabad,2025-03-14
1165,Vritti Setty,Mira-Bhayandar,2025-03-20
1166,Samarth Nagar,Dibrugarh,2025-08-01
1167,Leela Ahluwalia,Anantapuram,2024-07-17
1168,Daniel Date,Kirari Suleman Nagar,2026-05-06
1169,Umang Handa,Ulhasnagar,2024-10-23
1170,Kashvi Thaman,Haldia,2025-04-07
1171,Fiyaz Sachdev,Unnao,2026-02-18
1172,Baghyawati Dayal,Satara,2026-03-06
1173,Yoshita Narayanan,Noida,2025-06-11
1174,Girish Raman,Nagercoil,2025-10-23
1175,Faraj Sibal,Hubli–Dharwad,2026-02-25
1176,Vedant Barad,Kadapa,2025-07-14
1177,Xiti Kalla,Ulhasnagar,2025-09-22
1178,Shravya Nagar,Tirunelveli,2024-11-16
1179,Ishwar Palan,Purnia,2025-08-22
1180,Libni Shankar,Alappuzha,2024-10-18
1181,Bhavya Bahri,Nashik,2026-01-14
1182,Ryan Ranganathan,Ambattur,2026-01-14
1183,Ishanvi Kalita,Singrauli,2024-06-05
1184,Ayaan Purohit,Ozhukarai,2024-08-09
1185,Meghana Boase,Kottayam,2026-05-12
1186,Mahika Sandal,Dehradun,2025-11-08
1187,Elijah Patel,Sasaram,2025-05-01
1188,Qadim Tara,Gudivada,2024-06-24
1189,Victor Bhardwaj,Jorhat,2025-09-22
1190,Pallavi Gole,Unnao,2025-04-19
1191,Xalak Menon,Singrauli,2025-02-23
1192,Barkha Parekh,Guwahati,2025-06-28
1193,Arunima Biswas,Thoothukudi,2026-04-18
1194,Samaksh Malhotra,Phagwara,2025-09-13
1195,Warhi Chaudhari,Fatehpur,2025-01-05
1196,Anusha Bhat,Warangal,2024-10-29
1197,Harsh Biswas,Hindupur,2025-12-13
1198,Inaya Tiwari,Pimpri-Chinchwad,2026-02-01
1199,Oeshi Saini,New Delhi,2025-05-31
1200,Jagvi Dhawan,Rourkela,2025-01-21
1201,Widisha Krish,Orai,2025-04-29
1202,Nikita Mittal,Satna,2026-02-25
1203,Qadim Hari,Thiruvananthapuram,2026-04-30
1204,Vivaan Rajagopalan,Patna,2025-06-21
1205,Sai Solanki,Bhiwandi,2025-06-02
1206,Yug Khalsa,Bhiwandi,2026-02-28
1207,Ranveer Goyal,Baranagar,2025-03-21
1208,Shivansh Chana,Madhyamgram,2024-09-27
1209,Zarna Singhal,Satna,2025-09-22
1210,Laksh Biswas,Kochi,2026-04-27
1211,Raghav Chhabra,Jamnagar,2024-09-10
1212,Indira Brar,Pudukkottai,2024-11-22
1213,Ansh Buch,Gulbarga,2025-11-22
1214,Pranit Krish,Rajahmundry,2026-01-03
1215,Ojas Singhal,Warangal,2025-01-15
1216,Janya Dhaliwal,Karaikudi,2025-04-02
1217,Barkha Tata,Sultan Pur Majra,2025-04-06
1218,Indrajit Raghavan,Siliguri,2024-12-27
1219,Oscar Patel,Alappuzha,2025-07-31
1220,Anita Bir,Khora ,2025-04-03
1221,Banjeet Kant,Etawah,2024-12-25
1222,Triveni Reddy,Dindigul,2024-07-24
1223,Abhimanyu Dass,Khandwa,2025-07-12
1224,Gagan Sridhar,Mathura,2025-01-21
1225,Rajata Dewan,Asansol,2025-11-07
1226,Karan Zachariah,Vadodara,2025-01-17
1227,Suhani Nazareth,Muzaffarnagar,2025-05-30
1228,Ayush Saini,Imphal,2025-06-16
1229,Udant Kannan,Parbhani,2025-07-27
1230,Warhi Kala,Ludhiana,2025-08-30
1231,Amara Ramesh,Morena,2025-07-07
1232,Avi Dey,Barasat,2025-02-22
1233,Jackson Agarwal,Karimnagar,2024-05-28
1234,Nidhi Kadakia,Vellore,2025-01-21
1235,Ucchal Mander,Yamunanagar,2025-04-14
1236,Dhriti Krishnamurthy,Dehri,2026-01-03
1237,Radha Kumer,Aurangabad,2025-09-28
1238,Gayathri Desai,Sagar,2024-05-23
1239,Henry Yadav,Kollam,2025-07-16
1240,Abha Bava,Firozabad,2024-11-22
1241,Zinal Bail,Hapur,2025-02-05
1242,Lila Bahri,Vadodara,2026-05-08
1243,Rajata Raj,Malda,2025-03-29
1244,Joshua Dara,Nagaon,2024-10-01
1245,Advika Krishnamurthy,Malda,2025-06-02
1246,Garima Deol,Gaya,2025-04-12
1247,Hemani Rajagopal,Khora ,2024-06-05
1248,Kevin Pant,Amaravati,2026-01-06
1249,Nitesh Kuruvilla,Sagar,2024-07-09
1250,Janya Lad,Jabalpur,2024-05-25
1251,Madhav Srivastava,Gaya,2025-10-17
1252,Watika Padmanabhan,Tadipatri,2025-09-25
1253,Isaac Sandal,Danapur,2024-09-14
1254,Qasim Chandra,Varanasi,2025-10-16
1255,Forum Narang,Gurgaon,2026-01-10
1256,Panini Sampath,Ambala,2025-04-14
1257,Ladli Krishna,Vellore,2024-09-13
1258,Jeevika Apte,Shimoga,2025-12-09
1259,Warhi Parikh,Mirzapur,2024-09-10
1260,Daksha Pingle,Fatehpur,2026-01-25
1261,Unni Chowdhury,Thanjavur,2025-10-03
1262,Bishakha Karnik,Jabalpur,2025-08-11
1263,Neha Vora,Thrissur,2024-12-10
1264,Radha Narula,Dehri,2025-12-09
1265,Shaurya Keer,Aligarh,2026-05-16
1266,Hema Rau,Kollam,2026-01-12
1267,Devika Zachariah,Hazaribagh,2024-09-18
1268,Udyati Basu,Aizawl,2026-04-30
1269,Rushil Sheth,Delhi,2024-06-02
1270,Tanvi Oommen,Dhule,2025-05-10
1271,Kalpit Pandit,Kirari Suleman Nagar,2024-09-28
1272,Siya Dubey,Sambalpur,2024-07-05
1273,Aishani Batra,Bharatpur,2025-07-15
1274,Megha Kamdar,Tadipatri,2025-10-26
1275,Vasudha Bedi,Siliguri,2026-02-05
1276,Oviya Sahota,Rohtak,2024-11-05
1277,Anya Dara,Bathinda,2026-02-25
1278,Omya Sani,Ranchi,2025-02-04
1279,Aishani Mannan,Barasat,2024-11-08
1280,Hritik Mangat,Saharanpur,2026-01-27
1281,Manan Rajagopalan,Bareilly,2025-01-17
1282,Hemal Padmanabhan,Loni,2025-05-08
1283,Diya Agate,Vijayawada,2025-07-17
1284,Saumya Yogi,Sagar,2024-10-30
1285,Chakrika Edwin,Mathura,2026-01-09
1286,Samarth Vyas,Cuttack,2025-07-25
1287,Aarna Aggarwal,Dehri,2024-07-16
1288,Dhriti Munshi,Chennai,2024-08-30
1289,Yashica Doctor,Serampore,2025-01-14
1290,Kavya Thaman,Siliguri,2025-09-19
1291,Bhavna Rana,Delhi,2025-03-25
1292,Jagat Tailor,Navi Mumbai,2025-10-29
1293,Avi Batta,Jhansi,2025-11-24
1294,Darika Sangha,Jorhat,2025-11-11
1295,Simon Prabhakar,Pudukkottai,2024-08-14
1296,Hemani Mammen,Chandrapur,2025-03-05
1297,Onveer Suri,Anand,2024-10-22
1298,Ekta Yohannan,Serampore,2026-05-15
1299,Harrison Peri,Bongaigaon,2025-07-17
1300,Fariq Mannan,Tezpur,2025-07-21
1301,Aashi Chanda,Deoghar,2024-09-05
1302,Raghav Badal,Begusarai,2025-02-11
1303,Darpan Natarajan,Visakhapatnam,2024-05-28
1304,Chandani Bobal,Madhyamgram,2025-02-19
1305,Onkar Parikh,Tadipatri,2026-05-17
1306,Nitara Naik,Haldia,2026-05-12
1307,Yachana Baral,Avadi,2024-08-09
1308,Tanveer Deshpande,Proddatur,2025-04-02
1309,Jyoti Maharaj,Jalandhar,2024-07-26
1310,Raagini Kakar,Munger,2026-01-27
1311,Chanchal Lala,Ulhasnagar,2025-02-01
1312,Omkaar Bhakta,Darbhanga,2025-12-29
1313,Vidhi Bhasin,Dhanbad,2025-02-11
1314,Charles Datta,Morbi,2024-06-15
1315,Sarthak Shetty,Gangtok,2025-05-12
1316,Amrita Rege,Khammam,2025-03-13
1317,Shravya Dara,Bidhannagar,2025-07-02
1318,Yashvi Desai,Kirari Suleman Nagar,2026-02-10
1319,Naksh Kunda,Proddatur,2026-03-16
1320,Harrison Sanghvi,Jalandhar,2025-06-05
1321,Devika Sankaran,Chandrapur,2025-06-02
1322,Vyanjana Venkataraman,Jaipur,2026-02-15
1323,Anjali Chaudhuri,Nashik,2025-10-28
1324,Adya Salvi,Pudukkottai,2024-12-08
1325,Aadhya Kadakia,Kamarhati,2025-07-09
1326,Urvi Goda,Amaravati,2025-05-16
1327,Chandani Chaudhary,Bhind,2024-10-05
1328,Ekiya Rai,Hospet,2026-02-27
1329,Jagvi Bhatia,Chapra,2024-10-16
1330,Isaac Roy,Munger,2026-03-23
1331,Ranveer Thaker,Srinagar,2025-12-31
1332,Upma Sarkar,Rohtak,2025-05-24
1333,Waida Bhat,Fatehpur,2026-05-01
1334,Yuvraj Kalita,Coimbatore,2025-10-28
1335,Anamika Puri,Delhi,2026-01-29
1336,Elijah Raja,Morena,2025-11-19
1337,Bhavya Muni,Ahmedabad,2025-03-04
1338,Praneel Tripathi,Aligarh,2024-11-29
1339,Urvashi Parekh,Dibrugarh,2025-09-21
1340,Nicholas Guha,Kakinada,2024-11-18
1341,Ekani Som,Kolkata,2025-03-08
1342,Varsha Prabhu,Farrukhabad,2025-07-17
1343,Shaurya Vora,Karawal Nagar,2024-09-08
1344,Parth Bal,Gudivada,2025-10-02
1345,Gaurang Murthy,Thoothukudi,2026-04-15
1346,Jasmit Sha,Bangalore,2025-04-14
1347,Tristan Kata,Dindigul,2026-01-09
1348,Neha Vasa,Karawal Nagar,2026-01-27
1349,Keya Golla,Gurgaon,2025-08-09
1350,Netra Prabhakar,Bhimavaram,2025-02-17
1351,Ekavir Narayan,Jalgaon,2024-08-01
1352,Zinal Gala,Kolhapur,2024-09-30
1353,Yatin Varty,Pali,2025-03-25
1354,Madhavi Modi,Rajkot,2025-08-26
1355,Ekbal Nagarajan,Ballia,2024-11-05
1356,Theodore Tara,Aizawl,2024-07-14
1357,Qarin Bhasin,Rewa,2026-04-17
1358,Harini Chaudry,Muzaffarnagar,2025-09-11
1359,Sai Kar,Gaya,2026-03-26
1360,Dayamai Chadha,Thrissur,2026-02-23
1361,Girish Sanghvi,Sri Ganganagar,2026-05-11
1362,Jagvi Kala,Udupi,2025-06-22
1363,Mahika Choudhury,Kolkata,2024-07-11
1364,Anthony Dubey,Firozabad,2024-10-02
1365,Vritti Radhakrishnan,Chittoor,2024-06-13
1366,Chakradhar Pandit,Udaipur,2024-10-27
1367,Bhavani Mahal,Malda,2024-07-10
1368,Anusha Varty,Bhusawal,2024-06-13
1369,Ojasvi Chawla,Bhubaneswar,2025-06-27
1370,Aditya Babu,Dharmavaram,2024-10-16
1371,Reyansh Wagle,Nandyal,2024-08-01
1372,Jasmit Bains,Bidar,2024-09-10
1373,Faras Pall,Katihar,2025-04-15
1374,Faras Jaggi,Katihar,2025-02-15
1375,Yuvraj Sarma,Tadepalligudem,2025-11-03
1376,Jason Thaman,Kota,2025-08-01
1377,Nachiket Chada,Gwalior,2024-10-01
1378,Yashoda Ganesan,Phusro,2024-12-15
1379,Radha Gaba,Sambalpur,2025-09-30
1380,Ekapad Minhas,Thane,2026-05-18
1381,Kamala Loyal,Anantapuram,2026-03-18
1382,Omaja Misra,Malda,2025-01-25
1383,Pallavi Chatterjee,Agra,2024-11-05
1384,Niharika Bedi,Gaya,2025-08-10
1385,Hemani Lad,Hapur,2024-10-24
1386,Matthew Kohli,Mumbai,2025-01-19
1387,Yug Jain,Agra,2025-11-15
1388,Ranbir Grover,Bhilai,2025-10-01
1389,Bishakha Madan,Bhimavaram,2025-12-16
1390,Yamini Vala,Sikar,2024-11-03
1391,Isaac Randhawa,Ichalkaranji,2025-10-27
1392,Chanchal Dada,Saharanpur,2024-05-24
1393,Yauvani Nori,Muzaffarpur,2025-07-09
1394,Yashvi Bose,Jamshedpur,2025-04-09
1395,Krish Bora,Barasat,2024-10-28
1396,Tamanna Johal,Anantapuram,2025-07-26
1397,Tamanna Seshadri,Bhagalpur,2025-12-30
1398,Rudra Gole,Malda,2025-01-09
1399,Vrinda Sane,Hapur,2025-04-27
1400,Ikshita Shere,Hapur,2024-10-12
1401,Neha Seshadri,Jamalpur,2024-12-30
1402,Azad Swamy,Bharatpur,2025-04-26
1403,Vinaya Walia,Madhyamgram,2026-02-27
1404,Riya Soni,Kishanganj,2024-06-07
1405,Ijaya Pradhan,Karnal,2025-08-02
1406,Mitesh Virk,Pimpri-Chinchwad,2025-10-11
1407,Leena Dhaliwal,Narasaraopet,2024-12-27
1408,Sudiksha Rai,Bikaner,2026-03-25
1409,Krisha Agate,Deoghar,2026-03-20
1410,Jagvi Prakash,Begusarai,2025-01-02
1411,Reva Bhatti,Agartala,2025-11-30
1412,Champak Rau,Vadodara,2025-09-02
1413,Prisha Sandal,Ballia,2025-03-03
1414,Aarna Korpal,Belgaum,2025-12-08
1415,Yutika Parmar,Erode,2025-02-07
1416,Damyanti Badal,Jamshedpur,2024-12-20
1417,Kashvi Chacko,Raiganj,2025-08-23
1418,Libni Gara,Raurkela Industrial Township,2024-08-01
1419,Arin Bumb,Varanasi,2024-11-10
1420,Chatresh Khalsa,Bardhaman,2025-06-20
1421,Yutika Sahni,Rajahmundry,2024-12-27
1422,Arya Gopal,Guna,2024-11-21
1423,Maanav Dora,Begusarai,2025-01-15
1424,Nathaniel Narang,Nangloi Jat,2026-03-29
1425,Vincent Boase,Bhiwani,2024-09-12
1426,Balhaar Rastogi,Nagercoil,2026-05-09
1427,Naveen Prakash,Ongole,2025-08-23
1428,Jairaj Dora,Ulhasnagar,2025-01-26
1429,Jackson Chatterjee,Bally,2025-10-07
1430,Widisha Raghavan,Nagaon,2025-08-26
1431,Viraj Venkataraman,Mirzapur,2024-06-14
1432,Abdul Pandya,Nagercoil,2024-11-03
1433,Dipta More,Pune,2026-05-01
1434,Kashish Narayan,Bellary,2025-03-11
1435,Urvashi Mital,Hajipur,2024-08-21
1436,Ekansh Chana,Arrah,2026-01-04
1437,Ekiya Loke,Tiruvottiyur,2025-09-10
1438,Onveer Solanki,Ambala,2025-09-11
1439,Edhitha Chada,Korba,2025-11-08
1440,Guneet Sunder,Madhyamgram,2025-12-31
1441,Yochana Varkey,Mumbai,2025-08-27
1442,Naveen Maharaj,Etawah,2024-07-07
1443,Nikita Agate,Jalna,2026-04-20
1444,Pushti Gade,Panipat,2025-06-01
1445,Ikshita Chatterjee,Muzaffarpur,2024-07-26
1446,Yachana Brahmbhatt,Kolhapur,2025-09-09
1447,Yashica Rana,Belgaum,2026-04-17
1448,Irya Sahni,Ulhasnagar,2026-01-17
1449,Nisha Sangha,Alappuzha,2024-10-08
1450,Yatin Gupta,Ambattur,2024-08-23
1451,Chatura Bal,Bhusawal,2024-11-17
1452,Tara Nanda,Ratlam,2024-12-01
1453,Onkar Shankar,Sambhal,2025-06-21
1454,Sara Lala,Jamshedpur,2025-06-26
1455,Nicholas Iyengar,Narasaraopet,2026-03-06
1456,Jackson Dugal,Kottayam,2024-05-30
1457,George Johal,Karimnagar,2026-01-03
1458,Darika Basak,Jehanabad,2025-09-09
1459,Mitali Hora,Giridih,2024-08-02
1460,Faras Soman,Thanjavur,2026-02-19
1461,Isaac Halder,Udaipur,2025-08-13
1462,Lopa Kaur,Rewa,2025-11-13
1463,Zinal Bhargava,Tiruvottiyur,2025-12-01
1464,Chanakya Nadig,Baranagar,2025-02-26
1465,Maanas Brahmbhatt,Nangloi Jat,2024-11-30
1466,Azad Tandon,North Dumdum,2025-04-28
1467,Vyanjana Arora,Bikaner,2025-07-02
1468,Udant Palla,Amritsar,2024-05-22
1469,Ijaya Ahuja,Ahmednagar,2025-02-22
1470,Udarsh Ramaswamy,Phusro,2026-01-12
1471,Chaman Varghese,Sasaram,2025-11-06
1472,Ekaraj Balay,Nagpur,2024-06-01
1473,Logan Biswas,Tenali,2025-10-07
1474,Agastya Sawhney,Hubli–Dharwad,2025-07-22
1475,Upadhriti Basu,Belgaum,2025-12-16
1476,Chaitanya Bora,Pune,2026-03-04
1477,Pranav Char,Haldia,2025-07-24
1478,Idika Suresh,Gulbarga,2025-08-03
1479,Pushti Kunda,Gandhidham,2024-05-21
1480,Ira Chopra,Muzaffarnagar,2024-12-13
1481,Vincent Ramanathan,Jorhat,2025-04-21
1482,Maanas Devi,Bidar,2024-06-05
1483,Jagdish Devan,Dehri,2025-12-30
1484,Gautami Badami,Nandyal,2025-04-15
1485,Kamya Chauhan,Phusro,2025-10-28
1486,Aradhana Sridhar,Amravati,2025-12-09
1487,Edhitha Dass,Ghaziabad,2025-09-01
1488,Aahana Mandal,Darbhanga,2024-06-11
1489,Arya Aggarwal,Danapur,2025-07-26
1490,Veda Pant,Morena,2025-03-14
1491,Jhalak Mand,Siliguri,2026-04-18
1492,Vivaan Kala,Ghaziabad,2024-11-10
1493,Laban Palla,Jalna,2025-01-01
1494,Odika Purohit,Nagpur,2024-06-24
1495,Ekansh Chander,Guntakal,2024-07-21
1496,Reyansh Pandey,Munger,2026-01-05
1497,Alexander Munshi,Phusro,2026-03-10
1498,Yoshita Nagar,Bally,2026-02-05
1499,Girindra Apte,Dharmavaram,2024-12-11
1500,Mekhala Vasa,Pudukkottai,2024-09-13
1501,Omaja Goel,Shahjahanpur,2025-10-02
1502,Liam Bhatt,Madanapalle,2024-08-16
1503,Qushi Palla,Jodhpur,2025-10-18
1504,Omisha Gupta,Ahmednagar,2025-02-24
1505,Alka Mukherjee,Siliguri,2024-06-03
1506,Krish Sanghvi,Hosur,2025-07-21
1507,Vinaya Mitter,Amravati,2026-03-11
1508,Orinder Viswanathan,Khora ,2025-09-09
1509,Sachi Doctor,Chennai,2026-05-14
1510,Nicholas Wali,Lucknow,2026-03-26
1511,Akshay Mukhopadhyay,Raebareli,2025-02-15
1512,Nakul Devi,Bhusawal,2025-09-14
1513,Dhruv Bhakta,Dhanbad,2025-09-03
1514,Logan Som,Jodhpur,2026-03-18
1515,Chaaya Ramanathan,Latur,2025-12-03
1516,Tanveer Brar,Anand,2025-09-03
1517,Qushi Saini,Satara,2024-06-16
1518,Harita Narayanan,Rampur,2026-03-25
1519,Tarak Varghese,Farrukhabad,2025-11-20
1520,Yash Biswas,Yamunanagar,2025-11-13
1521,Gavin Dasgupta,Bulandshahr,2024-08-25
1522,Isaac Kashyap,Khora ,2024-08-31
1523,Mugdha Subramanian,Latur,2024-10-17
1524,Ekavir Ray,Haridwar,2025-10-07
1525,Girish Samra,Gandhinagar,2024-10-12
1526,Widisha Dugar,Barasat,2025-07-17
1527,Kiaan Mohanty,Khammam,2024-09-17
1528,Naveen Dhaliwal,Narasaraopet,2025-11-27
1529,Abhimanyu Wable,Bongaigaon,2024-08-29
1530,Ekta Handa,Bangalore,2024-08-03
1531,Jeremiah Sinha,Bareilly,2025-08-14
1532,Janani Rajagopalan,North Dumdum,2026-02-04
1533,Netra Parmar,Sikar,2025-10-18
1534,Nidhi Dara,Ballia,2026-02-16
1535,Anusha Pathak,Jorhat,2025-06-04
1536,Dayita Dhar,Korba,2026-02-02
1537,Chakradev Edwin,Kharagpur,2026-01-23
1538,Indrajit Mannan,Aligarh,2025-05-21
1539,Anita Kamdar,Yamunanagar,2026-01-03
1540,Kai Tripathi,Mango,2026-04-29
1541,Owen Prakash,Haldia,2025-04-04
1542,Vritti Aggarwal,Bikaner,2024-07-02
1543,Kamala Agrawal,Avadi,2024-10-25
1544,Sanya Pandit,Nadiad,2025-10-02
1545,Lakshmi Kanda,Baranagar,2024-05-26
1546,Lopa Murty,Aurangabad,2025-10-30
1547,Dhruv Nagarajan,Panipat,2026-01-06
1548,Krishna Lanka,Baranagar,2024-08-26
1549,Isaac Karan,Mehsana,2024-09-27
1550,Bakhshi Mital,Bharatpur,2025-01-06
1551,Gunbir Merchant,Anantapuram,2026-02-13
1552,Advaith Kadakia,Chapra,2025-05-05
1553,Girindra Guha,Nandyal,2025-12-08
1554,Chandran Sankar,Kavali,2025-05-18
1555,Isha Palan,Muzaffarnagar,2024-08-09
1556,Upma Nayar,Bulandshahr,2024-05-21
1557,Kamya Karan,Amritsar,2025-03-13
1558,Qabil Pandit,Ambattur,2024-12-06
1559,Anya Sane,Mangalore,2024-10-15
1560,Sachi Rege,Bardhaman,2025-12-30
1561,Eshana Bala,Orai,2025-06-08
1562,Mitali Wagle,Junagadh,2025-11-09
1563,Pahal Sridhar,Munger,2025-02-28
1564,Vrinda Handa,Sikar,2025-04-19
1565,Nakul Dey,Alwar,2025-01-12
1566,Wazir Butala,Khora ,2025-02-17
1567,Ishanvi Pall,Bellary,2025-06-10
1568,Upkaar Verma,Imphal,2025-09-14
1569,Joshua Srinivasan,Tumkur,2026-01-03
1570,Sachi Bhattacharyya,Solapur,2024-07-16
1571,Nandini Thakur,Ujjain,2024-08-31
1572,Aditya Bajaj,Katni,2026-05-09
1573,Amrita Gandhi,Tirupati,2025-12-13
1574,Pushti Som,Faridabad,2026-02-10
1575,Karan Sha,Gurgaon,2026-02-19
1576,Hritik Babu,Kolkata,2024-09-07
1577,Bhavika Talwar,Darbhanga,2025-04-06
1578,Dipta Grover,Aurangabad,2025-01-30
1579,Harish Babu,Eluru,2024-08-29
1580,Faris Kamdar,Purnia,2025-02-26
1581,Nisha Ghose,Bhagalpur,2025-03-11
1582,Reyansh Kara,Tiruvottiyur,2025-02-23
1583,Wridesh Kibe,Berhampur,2024-08-19
1584,Gaurang Chada,Singrauli,2026-02-06
1585,Neelima Desai,Dharmavaram,2025-09-26
1586,Tamanna Chaudry,Rajpur Sonarpur,2025-08-14
1587,Aayush Kothari,Sasaram,2024-12-27
1588,Jyoti Nagar,Anantapur,2026-03-08
1589,Devika Malhotra,Bikaner,2024-09-11
1590,Anvi Raju,Jamshedpur,2025-05-14
1591,Ikbal Ramanathan,Howrah,2024-09-04
1592,Nidhi Mukhopadhyay,Aurangabad,2025-04-09
1593,Aachal Chaudhry,Bhiwani,2026-04-17
1594,Neha Bhagat,Sagar,2025-06-26
1595,Chavvi Wali,Korba,2025-12-30
1596,Timothy Mittal,Satara,2025-06-17
1597,Zaitra Dara,Guwahati,2025-11-25
1598,Hemangini Thaker,North Dumdum,2024-05-25
1599,Agastya Bora,Nangloi Jat,2024-11-06
1600,Balveer Kurian,Gaya,2025-06-18
1601,Unnati Oza,Unnao,2025-11-18
1602,Isaac Purohit,Bhopal,2026-02-22
1603,Samar Jani,Coimbatore,2024-10-20
1604,Victor Cheema,Sikar,2026-02-25
1605,Isha Vig,Tumkur,2026-03-13
1606,Jason Varghese,Firozabad,2026-02-03
1607,Pranav Sarraf,Guntur,2026-03-26
1608,Ekaraj Bir,Bhubaneswar,2025-12-15
1609,Alexander Sridhar,Durg,2025-09-04
1610,Zansi Bandi,Motihari,2026-02-23
1611,Chandresh Batra,Noida,2025-05-23
1612,Yamini Pau,Narasaraopet,2024-09-06
1613,Chaitaly Batra,Dibrugarh,2026-05-16
1614,Jhalak Chaudhuri,Vadodara,2025-08-17
1615,Yashvi Kapur,Pallavaram,2025-05-06
1616,Chakradhar Bhatt,Chandigarh,2024-12-14
1617,Nimrat Balasubramanian,Madhyamgram,2025-07-21
1618,Ekaja Wadhwa,Guwahati,2024-08-06
1619,Jacob Raju,Kalyan-Dombivli,2026-01-14
1620,Anay Bir,Gwalior,2025-08-01
1621,Hredhaan Chaudry,Kochi,2026-01-02
1622,Jagrati Prabhu,Buxar,2024-11-17
1623,Vivaan Bahl,Hapur,2026-03-30
1624,Ekiya Chakraborty,Dindigul,2026-01-02
1625,Leela Om,Bulandshahr,2025-09-13
1626,Veer Tailor,Secunderabad,2026-01-12
1627,Vaishnavi Mitra,Sri Ganganagar,2024-12-20
1628,Zaid Ramachandran,Bhilai,2025-06-06
1629,Girindra Bahri,Anantapur,2026-02-14
1630,Veer Kuruvilla,Suryapet,2025-10-16
1631,Eiravati Palan,Vellore,2025-10-29
1632,Daksh Tak,Bikaner,2025-04-28
1633,Rachita Mohan,Hospet,2024-07-29
1634,Lila Parmar,Machilipatnam,2025-10-10
1635,Amruta Kashyap,Jamalpur,2026-04-17
1636,Charan Krish,Ramagundam,2024-08-08
1637,Rushil Naik,Surendranagar Dudhrej,2024-08-10
1638,Zansi Kulkarni,Tiruvottiyur,2024-07-12
1639,Vivaan Bhasin,Bidhannagar,2025-06-29
1640,Champak Kuruvilla,Ahmedabad,2025-03-15
1641,Bina Thaman,New Delhi,2026-01-06
1642,Victor Bandi,Jalna,2024-06-02
1643,Laban Bhatnagar,Hospet,2024-07-09
1644,Varsha Rai,Bhavnagar,2024-09-06
1645,Unnati Roy,Guntakal,2025-04-04
1646,Nikita Minhas,Madurai,2025-11-03
1647,Rohan Kumar,Gulbarga,2025-06-12
1648,Lucky Goyal,Kavali,2024-06-16
1649,Turvi Sastry,Bhubaneswar,2025-03-09
1650,Siya Sangha,Farrukhabad,2025-01-23
1651,Warhi Saini,Jabalpur,2025-05-21
1652,Ridhi Chauhan,Dharmavaram,2024-09-19
1653,Aarna Ramesh,Vijayawada,2025-02-14
1654,Zaid Dixit,Patiala,2025-08-09
1655,Ekavir Lad,Tumkur,2024-08-11
1656,Nikita Singh,Siwan,2024-12-08
1657,Viraj Naik,Kota,2025-01-19
1658,Finn Agarwal,Lucknow,2025-03-10
1659,Damyanti Deol,Nellore,2026-01-27
1660,Vrishti Grover,Gudivada,2025-04-19
1661,Tripti Gulati,Naihati,2025-09-23
1662,Bakhshi Saha,Purnia,2025-02-06
1663,Wishi Bhatti,Thane,2025-05-15
1664,Ishanvi Chacko,Aligarh,2025-06-26
1665,Ubika Garg,Jalandhar,2024-08-13
1666,Raghav Shetty,Nellore,2025-03-17
1667,Jagvi Tata,Satna,2025-07-08
1668,Yash Balan,Sri Ganganagar,2026-01-11
1669,Upkaar Aggarwal,Serampore,2025-03-24
1670,Ladli Jayaraman,Narasaraopet,2025-04-27
1671,Bina Natarajan,Sambalpur,2025-08-24
1672,Shivansh Thakur,Gangtok,2026-02-28
1673,Jatin Nanda,Danapur,2024-08-01
1674,Lipika Sanghvi,Surat,2026-05-19
1675,Anjali Soni,Buxar,2025-11-04
1676,Upkaar Kanda,Kishanganj,2025-02-03
1677,Siddharth Nadkarni,Thrissur,2024-06-02
1678,Eta Atwal,Aizawl,2024-10-13
1679,Xavier Dhar,Bhilwara,2025-07-30
1680,Karan Soni,Mathura,2025-11-13
1681,Kiaan Ranganathan,Ongole,2025-03-10
1682,Warhi Jaggi,Bidhannagar,2025-05-13
1683,Omisha Garde,Belgaum,2026-04-18
1684,Anvi Doctor,Berhampur,2025-08-16
1685,Ira Dhar,Ambattur,2025-03-17
1686,Manya Dubey,Vadodara,2024-09-27
1687,Tarak Ratta,Lucknow,2024-11-13
1688,Anika Lata,Muzaffarnagar,2025-11-29
1689,Chameli Aurora,Latur,2024-07-28
1690,Sanaya Sunder,Vijayawada,2026-03-22
1691,Yashoda Saran,Tirunelveli,2025-04-01
1692,Jason Mohanty,South Dumdum,2025-07-29
1693,Rajeshri Apte,Korba,2026-05-11
1694,Jason Chana,Sultan Pur Majra,2024-11-07
1695,Pushti Talwar,Bulandshahr,2025-12-26
1696,Ojasvi Barad,Malda,2025-02-26
1697,Yashasvi Sanghvi,Junagadh,2024-08-15
1698,Xalak Gandhi,Srikakulam,2025-05-28
1699,Bhavini Taneja,Bhiwani,2026-05-05
1700,Amrita Ben,Karaikudi,2025-06-03
1701,Baghyawati Kumer,Gurgaon,2025-07-04
1702,Naveen Narang,Hajipur,2025-01-24
1703,Gaurang Bakshi,Panipat,2025-03-10
1704,Udant Kata,Rourkela,2026-01-16
1705,Ishani Mandal,Korba,2025-11-10
1706,Dalaja Wadhwa,Panchkula,2025-07-16
1707,Deepa Maharaj,Shivpuri,2024-07-19
1708,Lohit Rastogi,Bettiah,2025-06-25
1709,Yashoda Palla,Dhanbad,2025-04-04
1710,Indira Palla,Bhavnagar,2026-02-02
1711,Yutika Deol,Saharanpur,2024-08-10
1712,Kala Anne,Bhusawal,2025-07-31
1713,Jalsa Bath,Buxar,2024-09-29
1714,Chaitanya Hari,Bettiah,2024-06-05
1715,Dalaja Chana,Chennai,2026-04-22
1716,Wakeeta Raman,Secunderabad,2024-12-12
1717,Anjali Keer,Orai,2024-06-02
1718,Bakhshi Sandal,Raipur,2025-11-10
1719,Quincy Merchant,Ramgarh,2024-10-25
1720,Siya Ratti,Nizamabad,2024-09-14
1721,Krish Badami,Amroha,2026-03-16
1722,Chakrika Sunder,Amritsar,2025-11-11
1723,Ishaan Goda,Imphal,2025-07-13
1724,Mekhala Kapadia,Berhampur,2025-02-14
1725,Gautami Srinivas,Phagwara,2024-12-09
1726,Priya Pandey,Mathura,2025-02-10
1727,Chameli Pathak,Khora ,2025-05-27
1728,Kashish Gulati,Kulti,2025-12-15
1729,Zayyan Bava,Arrah,2026-04-01
1730,Aarna Nagarajan,Mysore,2025-10-04
1731,Siddharth Majumdar,Maheshtala,2025-04-15
1732,Jeevika Minhas,Ahmedabad,2026-01-30
1733,Anvi Jayaraman,Katihar,2025-06-25
1734,Anirudh Sarraf,Patna,2026-03-07
1735,Krisha Venkatesh,Uluberia,2024-09-05
1736,Shravya Reddy,Ramgarh,2025-02-02
1737,Tamanna Thaker,Phagwara,2025-02-01
1738,Ekanta Mody,Arrah,2024-12-15
1739,Nakul Dasgupta,Purnia,2024-09-25
1740,Gaurang Goda,Howrah,2025-11-13
1741,Chanchal Yohannan,Jhansi,2024-09-26
1742,Abhiram Srinivas,Madhyamgram,2025-08-28
1743,Ekbal Viswanathan,Bhopal,2024-06-16
1744,Anusha Viswanathan,Ulhasnagar,2024-05-31
1745,Zaid Oak,Bhilwara,2024-09-30
1746,Om Varughese,Visakhapatnam,2025-03-10
1747,Ubika Raja,Bhavnagar,2025-03-27
1748,Bishakha Ratta,Karimnagar,2025-09-08
1749,Vinaya Krishnamurthy,Arrah,2024-12-24
1750,Ladli Shukla,Vijayanagaram,2025-08-30
1751,Amol Yohannan,Ozhukarai,2025-05-01
1752,Varenya Mahal,Vellore,2025-10-24
1753,Chatura Pant,Hajipur,2024-07-21
1754,Jhalak Goswami,Navi Mumbai,2025-09-05
1755,Utkarsh Garg,Phusro,2025-02-05
1756,Lakshmi Bobal,Raipur,2024-06-20
1757,Eta Arora,Vadodara,2025-08-19
1758,Shivansh Misra,Eluru,2024-08-17
1759,Timothy Kara,Junagadh,2025-09-18
1760,Vivaan Basu,Begusarai,2026-04-02
1761,Avni Gopal,Dewas,2026-03-24
1762,Aarini Srivastava,Yamunanagar,2024-07-30
1763,Bhavini Biswas,Siwan,2025-07-29
1764,Ojas Divan,Satna,2025-04-06
1765,Chandani Chandran,Bareilly,2025-07-14
1766,Jairaj Chaudhuri,Raurkela Industrial Township,2025-02-07
1767,Hemangini Ramaswamy,Ichalkaranji,2024-09-07
1768,Orinder Varughese,Tiruppur,2025-02-22
1769,Ekani Kalita,Tadipatri,2026-02-22
1770,Gaurav Mangat,Navi Mumbai,2026-03-08
1771,Warda Andra,Kolkata,2025-10-11
1772,Jagrati Bumb,Ahmedabad,2026-02-07
1773,Imaran Balan,Katni,2024-08-26
1774,Dalaja Sangha,Kumbakonam,2025-11-18
1775,Nakul Dube,Amaravati,2024-12-14
1776,Meghana Thaman,Raiganj,2024-11-15
1777,Hamsini Sen,Jaipur,2024-10-24
1778,Zarna Sama,Katihar,2024-07-16
1779,Mahika Datta,Nadiad,2025-01-02
1780,Widisha Parikh,Barasat,2025-09-19
1781,Gopal Ratti,Proddatur,2024-12-18
1782,Chakrika Dey,Durgapur,2025-03-05
1783,Yug Misra,Muzaffarpur,2025-04-03
1784,Daksha Vohra,Amaravati,2025-04-14
1785,Chandran Kapoor,Faridabad,2024-07-02
1786,Xiti Munshi,Guna,2025-01-15
1787,Pavani Kapadia,Khammam,2026-05-18
1788,Abhiram Chana,Salem,2025-10-19
1789,Geetika Sridhar,Bellary,2024-06-28
1790,Advay Bhalla,Dhule,2024-07-26
1791,Hemani Bobal,Chandrapur,2024-05-20
1792,Chandran Batta,Cuttack,2024-08-15
1793,Dhruv Kala,Lucknow,2025-08-27
1794,Balhaar Keer,Pimpri-Chinchwad,2024-12-03
1795,Indira Rajagopal,Bhiwani,2025-02-16
1796,Anita Kamdar,North Dumdum,2024-07-18
1797,Raghav Rama,Gopalpur,2024-09-13
1798,Vyanjana Rastogi,Durg,2025-10-31
1799,Orinder Lalla,Kavali,2024-10-25
1800,Anika Wadhwa,Siwan,2025-01-05
1801,Rudra Thakkar,Madanapalle,2025-02-24
1802,Vansha Natarajan,Jalgaon,2024-07-25
1803,Warda Dewan,Chandigarh,2025-06-08
1804,Janaki Arya,Bijapur,2025-02-06
1805,Amara Ramakrishnan,Muzaffarnagar,2025-10-03
1806,Ranbir Jha,Kishanganj,2024-11-03
1807,Advay Purohit,Parbhani,2024-08-21
1808,Zayan Gola,Nizamabad,2025-10-12
1809,Shivani Dube,Maheshtala,2026-03-28
1810,Yashodhara Parsa,Ozhukarai,2025-02-22
1811,Eshana Bawa,Morena,2024-08-28
1812,Falan Bhasin,Chinsurah,2024-06-04
1813,Ojas Bera,Maheshtala,2025-09-30
1814,Qushi Lata,Bidar,2024-08-26
1815,Dalaja Deshpande,Burhanpur,2026-04-25
1816,Raksha Sheth,Kadapa,2024-08-02
1817,Nirja Sangha,Sambhal,2024-07-15
1818,Aadi Naik,Bardhaman,2024-11-12
1819,Vaishnavi Thaker,Jabalpur,2025-03-26
1820,Daniel Mishra,Guwahati,2025-09-24
1821,Caleb Pal,Orai,2025-08-23
1822,Peter Pradhan,Ambarnath,2025-04-05
1823,Anirudh Subramanian,Rampur,2026-01-22
1824,Rohan Bhalla,Farrukhabad,2024-07-20
1825,Neha Parikh,Srikakulam,2026-01-22
1826,Oviya Gola,Satara,2025-06-18
1827,David Kale,Ujjain,2024-12-23
1828,Mugdha Bhatti,Dibrugarh,2025-03-14
1829,Warhi Dhawan,Bhiwandi,2025-07-30
1830,Abhimanyu Balay,Amroha,2026-05-14
1831,Adweta Naidu,Vasai-Virar,2025-08-08
1832,Advay Mital,Sirsa,2025-03-08
1833,Yashica Dhar,Sangli-Miraj & Kupwad,2025-09-01
1834,Tanveer Andra,Shimla,2025-12-04
1835,Bhavani Wali,Karaikudi,2024-11-05
1836,Advik Murty,Kharagpur,2025-12-31
1837,Aadi Nadkarni,Danapur,2024-12-21
1838,Utkarsh Aggarwal,Gaya,2025-02-24
1839,Bhavika Apte,Anand,2025-01-02
1840,Jacob Chada,Aligarh,2024-11-26
1841,Dhruv Chhabra,Dewas,2024-10-17
1842,Udyati Bumb,Madurai,2026-02-21
1843,Jason Sood,Nandyal,2024-06-25
1844,Sanya Datta,Surendranagar Dudhrej,2025-03-07
1845,Jalsa Guha,Siwan,2024-08-29
1846,Avni Seth,North Dumdum,2024-06-13
1847,Lavanya Varghese,Vasai-Virar,2026-04-25
1848,Teerth Hayre,Katni,2025-11-18
1849,Fitan Ganesan,Shahjahanpur,2024-08-04
1850,Ronith Ramachandran,Mysore,2025-08-06
1851,Oliver Deol,Ahmedabad,2024-10-20
1852,Zayan Subramanian,Ujjain,2025-06-15
1853,Lajita Banerjee,Katihar,2024-09-15
1854,Dayita Raj,Nandyal,2025-02-19
1855,Onkar Majumdar,Vadodara,2026-03-21
1856,Siya Sandhu,Farrukhabad,2025-10-12
1857,Chandran Sanghvi,Muzaffarpur,2025-07-15
1858,Faraj Shah,Jalna,2025-04-22
1859,Chatresh Basak,Rajahmundry,2025-01-02
1860,Vasatika Sharaf,Dhanbad,2026-04-14
1861,Sanya Sura,Katihar,2025-07-19
1862,Gaurika Chaudhari,Jhansi,2025-06-13
1863,Qushi Bhattacharyya,Adoni,2025-12-31
1864,Isaac Hayre,Raebareli,2025-11-26
1865,Dev Mandal,Thane,2025-10-11
1866,Lopa Warrior,Faridabad,2025-05-16
1867,Nicholas Bhatnagar,Agartala,2025-06-02
1868,Faris Taneja,Mumbai,2026-02-08
1869,Hemang Anne,Tezpur,2024-08-24
1870,Abhimanyu Bhandari,Kochi,2024-08-31
1871,Fariq Misra,Raurkela Industrial Township,2024-06-17
1872,Anya Mital,Bathinda,2026-05-01
1873,Rajata Shenoy,Mirzapur,2025-05-03
1874,Rachit Parmar,Imphal,2025-08-26
1875,Baghyawati Patla,Satara,2026-05-09
1876,Owen Ganesh,Jammu,2025-05-26
1877,Om Dani,Loni,2025-04-07
1878,Ekiya Sankar,Etawah,2024-11-01
1879,Omkaar Prashad,Bihar Sharif,2025-11-27
1880,Yug Shere,Aurangabad,2026-05-18
1881,Liam Kothari,Ludhiana,2025-02-08
1882,Hema Goel,Eluru,2026-03-10
1883,Isaac Gulati,Faridabad,2025-02-03
1884,Urmi Wagle,South Dumdum,2024-11-15
1885,Chakradev Kaul,Panihati,2025-10-14
1886,Ria Saran,Guwahati,2025-10-11
1887,Chameli Master,Panchkula,2025-09-02
1888,Advaith Sanghvi,Patiala,2024-11-16
1889,Simon Ganesh,Saharanpur,2025-09-06
1890,Sanya Balasubramanian,Serampore,2025-11-19
1891,Chanchal Chander,Bathinda,2025-09-04
1892,Ati Bath,Khammam,2024-10-30
1893,Ikbal Deep,Delhi,2024-12-10
1894,Yashvi Bhargava,Bardhaman,2026-01-03
1895,Kabir Master,Dindigul,2026-04-29
1896,Quincy Basu,Chittoor,2025-02-21
1897,Logan Lall,Aligarh,2024-07-06
1898,Bishakha Zachariah,Morbi,2025-01-22
1899,Hredhaan Kala,Dindigul,2025-12-02
1900,Lakshit Bhat,Ghaziabad,2024-09-01
1901,Chatresh Swamy,Sagar,2025-05-17
1902,Aryan Kala,Bhiwandi,2026-03-11
1903,Faqid Dhawan,Pali,2024-12-26
1904,Ekanta Chandra,Kochi,2026-03-19
1905,Yuvraj Yogi,Warangal,2025-08-02
1906,Onkar Raja,Deoghar,2025-11-25
1907,Veda Lad,Ambattur,2024-11-01
1908,Aarush Raju,Kakinada,2024-11-23
1909,Logan Talwar,Chandrapur,2024-12-20
1910,Yatin Kurian,Rajpur Sonarpur,2026-01-05
1911,Turvi Mammen,Muzaffarpur,2024-10-15
1912,Oscar Mohanty,Panipat,2025-01-07
1913,Falak Dugal,Tiruvottiyur,2025-09-08
1914,Hema Nath,Sonipat,2026-01-13
1915,Abeer Dutta,South Dumdum,2024-06-14
1916,Nathaniel Kaul,Raiganj,2024-08-06
1917,Zayyan Kuruvilla,Gulbarga,2024-07-01
1918,Sanya Dani,Bijapur,2025-08-19
1919,Xavier Sawhney,Etawah,2025-11-29
1920,Yashasvi Walla,Mau,2025-09-08
1921,Gagan Hayer,Coimbatore,2025-10-18
1922,Luke Shan,Burhanpur,2026-04-10
1923,Yatin Basak,Rourkela,2026-01-27
1924,Champak Mitter,Gwalior,2024-06-05
1925,Lajita Pai,Hospet,2026-04-24
1926,Manbir Basu,Anantapuram,2025-05-19
1927,Gaurangi Soman,Coimbatore,2024-06-28
1928,Eesha Basak,Kavali,2024-12-25
1929,Theodore Chawla,Dhanbad,2026-04-17
1930,Charita Venkataraman,Ahmednagar,2025-01-19
1931,Netra Mane,Bilaspur,2025-06-08
1932,Jack Vala,Kamarhati,2025-05-14
1933,Vidhi Chatterjee,Vijayawada,2025-12-25
1934,Aarush Johal,Ongole,2025-08-31
1935,Odika Wable,Khandwa,2024-08-27
1936,Reva Bassi,Surat,2025-07-12
1937,Robert Sura,Mathura,2024-07-06
1938,Ekantika Sundaram,Bareilly,2025-12-08
1939,Tanvi Wali,Asansol,2026-01-01
1940,Kritika Kanda,Kalyan-Dombivli,2024-09-23
1941,Suhani Kaul,Nagpur,2024-06-11
1942,Yasti Vohra,Bhatpara,2024-11-02
1943,Luke Nazareth,Tiruvottiyur,2026-03-04
1944,Bhavika Varty,Mathura,2024-11-27
1945,Ucchal Dubey,Adoni,2025-07-30
1946,Sanaya Sood,Nagpur,2025-11-04
1947,Tara Sodhi,Serampore,2025-09-20
1948,Rachita Chokshi,Bulandshahr,2024-07-30
1949,Saanvi Bhat,Solapur,2024-08-20
1950,Saksham Sachdeva,Tinsukia,2025-02-24
1951,Ikshita Bora,Sasaram,2025-01-11
1952,Madhavi Morar,Shimoga,2024-06-25
1953,Zayan Ben,Amravati,2024-11-22
1954,Arya Samra,Jamshedpur,2025-04-07
1955,Geetika Pathak,Agra,2026-03-12
1956,Janaki Acharya,Jabalpur,2024-08-26
1957,Triveni Rao,Mango,2024-08-15
1958,Gaurav Basu,Bilaspur,2025-04-07
1959,Manbir Sem,Rajpur Sonarpur,2025-09-28
1960,Chavvi Mistry,Chennai,2025-11-09
1961,Gaurav Dutt,Srinagar,2025-08-30
1962,Harinakshi Bir,Akola,2025-11-24
1963,Dipta Balakrishnan,Srikakulam,2024-10-18
1964,Falguni Saran,Malda,2025-09-20
1965,Dayita Sidhu,Udupi,2025-09-07
1966,Harrison Varkey,Phusro,2024-11-30
1967,Deepa Shenoy,Thanjavur,2025-11-27
1968,Reva Jha,Bhilai,2025-07-30
1969,Tejas Johal,Shimoga,2024-11-13
1970,Mitesh Mannan,Nanded,2024-05-27
1971,Harini Toor,Darbhanga,2025-12-25
1972,Anita Murthy,Gorakhpur,2024-12-29
1973,Damini Butala,Nangloi Jat,2024-07-08
1974,Bina Narang,Mango,2024-12-06
1975,Jagrati Ghosh,Siwan,2024-09-15
1976,Wridesh Rao,Erode,2025-04-16
1977,Vanya Hora,Hapur,2025-02-17
1978,Oliver Chaudhari,Begusarai,2026-01-18
1979,Pavani Mohanty,Ambattur,2025-07-20
1980,Nathan Guha,South Dumdum,2025-03-14
1981,Krishna Sani,Durgapur,2026-03-30
1982,Rudra Chand,Panvel,2024-06-13
1983,Ekapad Bahri,Bokaro,2025-05-21
1984,Qadim Mistry,Anantapuram,2024-09-20
1985,Noah Kala,Davanagere,2024-06-16
1986,Zansi Barman,Cuttack,2024-11-18
1987,Bhavna Deol,Gorakhpur,2026-02-13
1988,Ira Chandran,Nanded,2025-01-28
1989,Damini Mahal,Tinsukia,2025-08-15
1990,Gauri Dixit,Proddatur,2025-04-17
1991,Jagdish Buch,Agra,2024-09-03
1992,Rajeshri Som,New Delhi,2026-05-04
1993,Ojasvi Sodhi,Ongole,2024-11-25
1994,Tanmayi Dass,Kavali,2025-12-02
1995,Udant Nori,Guna,2025-03-22
1996,Aarush Bansal,Muzaffarnagar,2025-05-31
1997,Anamika Kala,Ramgarh,2026-04-18
1998,Jonathan Maharaj,Bhind,2025-12-19
1999,Keya Madan,Satara,2025-02-24
2000,Damyanti Hans,Darbhanga,2024-07-16
